Problem,Hunter(hkroger),Snehal,Emma(eschare)
1,10,9,10
2,2,2,2
3,6,6,6
4,3,2,6
5,3,6,3
6,6,10,6
7,9,1,8
8,6,6,6
9,6,6,6
10,7,7,7
11,5,5,5
12,6,7,6
13,8,8,2
14,1,1,1
15,6,6,6
16,6,6,6
17,7,7,7
18,9,9,10
19,1,1,1
20,6,7,7
21,6,6,6
22,6,7,6
23,6,1,6
24,6,4,4
25,9,9,9
26,6,6,6
27,5,5,5
28,9,9,9
29,6,6,6
30,10,10,10
31,2,8,6
32,4,4,4
33,6,6,6
34,9,9,9
35,6,1,1
36,5,5,5
37,7,6,7
38,5,5,1
39,3,10,6
40,8,5,5
41,5,5,5
42,6,6,6
43,3,3,3
44,9,1,6
45,3,3,3
46,7,1,7
47,9,1,9
48,2,2,2
49,3,1,3
50,7,10,7
51,6,5,5
52,7,1,9
53,6,9,6
54,2,2,2
55,8,8,8
56,2,6,6
57,2,5,2
58,7,10,7
59,7,7,6
60,2,2,2
61,6,8,6
62,9,9,9
63,6,2,6
64,6,2,6
65,1,1,1
66,6,6,2
67,6,6,6
68,6,6,6
69,3,6,3
70,6,2,2
71,2,2,6
72,6,2,2
73,6,6,6
74,2,2,2
75,6,6,6
76,2,9,2
77,2,2,2
78,6,6,6
79,6,6,6
80,3,3,3
81,10,9,1
82,5,5,2
83,6,6,6
84,10,10,6
85,9,9,9
86,4,4,4
87,5,5,5
88,9,9,9
89,8,8,1
90,7,10,9
91,2,2,2
92,2,2,2
93,9,9,9
94,9,9,9
95,9,6,6
96,6,6,7
97,7,7,7
98,6,2,7
99,11,11,6
100,6,6,6
101,7,10,7
102,7,6,6
103,2,2,2
104,2,2,2
105,2,2,2
106,10,9,9
107,9,9,9
108,10,10,10
109,6,6,6
110,7,6,7
111,6,6,6
112,11,10,10
113,9,2,9
114,6,6,6
115,10,8,1
116,6,6,6
117,6,6,6
118,10,6,1
119,2,9,9
120,9,9,9
121,6,6,6
122,6,6,8
123,7,7,7
124,9,9,9
125,5,5,8
126,4,4,4
127,6,6,8
128,10,1,10
129,5,5,8
130,2,2,2
131,10,6,6
132,8,1,1
133,9,9,5
134,2,2,9
135,5,5,1
136,7,7,7
137,1,1,1
138,2,2,2
139,6,6,6
140,2,6,6
141,6,6,6
142,6,10,10
143,9,1,1
144,9,9,9
145,10,9,10
146,9,9,9
147,6,9,6
148,6,6,6
149,6,2,6
150,9,9,1
151,6,2,6
152,3,2,3
153,6,6,6
154,6,6,6
155,6,6,6
156,6,8,8
157,7,7,7
158,9,9,9
159,6,6,6
160,7,7,6
161,6,6,6
162,7,7,7
163,2,2,9
164,1,1,1
165,9,9,9
166,5,5,5
167,6,6,6
168,6,1,6
169,8,2,9
170,2,8,2
171,9,9,9
172,3,3,3
173,2,1,2
174,9,9,1
175,6,7,1
176,6,6,6
177,2,2,2
178,10,9,10
179,2,2,9
180,9,9,9
181,7,7,7
182,7,7,6
183,6,6,6
184,3,3,3
185,9,9,9
186,6,6,6
187,4,4,10
188,6,6,6
189,6,6,6
190,2,2,2
191,7,7,7
192,6,6,6
193,6,6,6
194,9,9,9
195,6,6,6
196,6,6,6
197,9,9,9
198,7,10,6
199,9,9,9
200,9,9,6
201,4,6,4
202,3,10,10
203,6,1,1
204,1,1,1
205,3,3,3
206,2,1,1
207,4,4,4
208,9,9,9
209,9,9,9
210,1,1,1
211,7,7,7
212,3,3,3
213,4,4,4
214,2,2,2
215,6,1,2
216,2,2,9
217,9,2,9
218,9,9,10
219,9,9,9
220,3,3,3
221,10,10,10
222,8,2,2
223,6,6,6
224,6,6,6
225,6,6,6
226,6,2,6
227,7,7,6
228,9,9,9
229,3,2,3
230,6,6,6
231,3,3,3
232,9,9,9
233,7,7,7
234,9,2,9
235,9,5,9
236,6,2,1
237,2,2,9
238,7,7,6
239,2,2,2
240,1,6,6
241,6,6,6
242,9,1,9
243,7,7,7
244,3,3,3
245,10,6,10
246,4,4,4
247,6,6,6
248,4,4,4
249,7,7,7
250,3,3,3
251,3,3,3
252,2,2,2
253,9,9,9
254,1,1,6
255,1,11,1
256,2,2,2
257,10,10,10
258,6,6,6
259,6,9,6
260,10,10,10
261,5,5,5
262,5,5,5
263,6,6,6
264,1,9,1
265,8,8,8
266,5,5,5
267,7,7,7
268,4,2,4
269,6,7,6
270,6,1,9
271,6,7,6
272,6,6,6
273,5,5,5
274,6,6,6
275,9,9,9
276,6,6,6
277,6,6,2
278,3,3,3
279,8,8,1
280,4,4,4
281,6,1,1
282,9,2,9
283,2,2,1
284,6,6,6
285,10,10,6
286,9,2,2
287,6,6,6
288,10,6,2
289,2,5,2
290,2,2,2
291,1,1,1
292,2,9,8
293,9,9,9
294,6,6,6
295,3,10,3
296,3,9,9
297,7,7,7
298,9,10,4
299,9,9,9
300,9,9,9
301,6,6,6
302,6,6,6
303,6,6,6
304,5,9,9
305,6,1,2
306,6,6,2
307,6,6,6
308,2,1,1
309,3,3,3
310,5,5,5
311,2,1,1
312,4,4,4
313,10,10,10
314,5,5,5
315,2,9,2
316,1,1,6
317,6,6,6
318,6,6,6
319,6,2,6
320,9,9,9
321,10,10,10
322,7,7,7
323,5,2,2
324,2,1,9
325,2,2,2
326,6,6,6
327,6,10,10
328,6,10,10
329,10,10,1
330,2,8,2
331,10,10,10
332,6,6,6
333,2,2,6
334,7,7,7
335,10,10,10
336,6,6,6
337,7,7,6
338,2,2,2
339,6,6,6
340,9,9,9
341,10,9,9
342,6,6,6
343,1,9,10
344,5,5,5
345,6,6,6
346,6,2,6
347,3,3,3
348,10,10,10
349,10,10,10
350,5,5,2
351,8,8,1
352,2,10,10
353,7,10,9
354,6,6,6
355,9,9,1
356,7,6,7
357,9,9,2
358,6,6,6
359,1,1,1
360,6,6,6
361,9,9,9
362,6,10,1
363,1,1,1
364,6,4,6
365,5,5,5
366,1,1,1
367,6,6,6
368,6,7,6
369,4,2,6
370,1,1,1
371,9,8,2
372,3,3,3
373,2,2,6
374,6,6,6
375,2,2,2
376,7,10,7
377,3,3,3
378,5,5,5
379,5,5,5
380,6,6,6
381,6,6,6
382,9,6,2
383,6,6,6
384,6,6,7
385,4,4,4
386,6,10,6
387,9,9,9
388,6,2,1
389,6,1,1
390,1,1,1
391,6,6,6
392,6,6,6
393,6,10,10
394,6,6,6
395,9,9,1
396,9,1,1
397,6,10,9
398,8,2,2
399,9,9,9
400,3,10,3
401,3,3,3
402,5,5,5
403,7,7,7
404,3,3,3
405,3,3,3
406,3,3,3
407,6,6,6
408,3,6,3
409,3,3,3
410,6,2,7
411,6,6,1
412,10,9,9
413,3,3,3
414,7,7,7
415,6,6,6
416,3,3,3
417,10,10,10
418,5,1,5
419,9,9,9
420,2,5,2
421,6,6,6
422,3,3,6
423,6,6,6
424,5,5,5
425,1,6,10
426,6,6,6
427,5,5,5
428,6,6,6
429,6,10,1
430,6,6,6
431,9,2,1
432,3,7,3
433,7,7,7
434,10,9,10
435,9,5,9
436,6,6,6
437,2,2,2
438,1,5,1
439,9,2,8
440,9,9,9
441,6,6,10
442,6,6,6
443,8,6,8
444,7,7,7
445,6,6,6
446,5,5,5
447,6,6,7
448,2,2,2
449,6,6,6
450,7,6,6
451,10,10,10
452,3,3,3
453,6,6,6
454,7,7,7
455,7,10,7
456,6,6,6
457,8,9,10
458,6,2,6
459,8,5,5
460,7,7,7
461,10,10,10
462,9,9,9
463,6,2,2
464,9,9,9
465,7,7,2
466,5,5,5
467,6,6,6
468,6,8,6
469,2,2,9
470,7,7,7
471,11,11,11
472,6,10,10
473,6,6,6
474,6,6,1
475,6,6,6
476,2,2,2
477,5,5,5
478,6,6,6
479,8,8,8
480,2,2,1
481,9,9,9
482,7,7,7
483,6,2,9
484,6,6,6
485,5,5,5
486,10,6,10
487,6,6,6
488,6,6,6
489,9,9,9
490,9,9,7
491,9,9,6
492,3,3,3
493,2,1,10
494,6,6,6
495,5,5,5
496,2,2,2
497,6,10,7
498,6,8,6
499,9,9,9
500,3,3,3
501,9,9,9
502,9,9,9
503,5,5,2
504,9,9,9
505,6,6,6
506,6,1,1
507,2,2,6
508,6,6,6
509,6,1,6
510,6,6,6
511,3,10,3
512,9,9,6
513,6,6,6
514,2,2,1
515,9,1,6
516,9,10,10
517,7,7,7
518,6,2,6
519,6,2,6
520,10,6,6
521,6,6,6
522,6,8,2
523,9,9,9
524,6,4,6
525,9,5,5
526,10,6,10
527,3,3,3
528,4,4,6
529,7,7,7
530,6,6,6
531,3,3,3
532,3,3,3
533,5,5,5
534,6,6,6
535,3,3,3
536,9,9,9
537,6,1,6
538,6,6,6
539,3,3,3
540,3,3,3
541,9,9,1
542,6,6,6
543,7,7,7
544,9,2,2
545,7,7,7
546,9,9,9
547,10,10,10
548,1,1,1
549,3,2,3
550,6,6,6
551,11,11,11
552,9,9,9
553,10,10,9
554,2,9,7
555,5,5,5
556,6,6,1
557,6,10,6
558,6,6,6
559,9,9,9
560,3,10,2
561,3,3,3
562,6,6,7
563,6,10,10
564,6,6,6
565,9,6,6
566,3,3,3
567,9,6,5
568,2,2,2
569,1,1,2
570,6,6,6
571,8,8,8
572,6,6,6
573,10,10,10
574,1,6,1
575,6,6,10
576,10,10,10
577,10,10,6
578,6,6,6
579,7,2,7
580,1,2,1
581,6,6,6
582,1,1,1
583,6,6,6
584,6,2,2
585,6,2,2
586,7,6,6
587,10,10,10
588,6,4,6
589,5,4,5
590,6,6,10
591,3,10,3
592,1,1,1
593,6,6,6
594,5,5,2
595,4,4,4
596,8,8,8
597,4,4,4
598,9,10,9
599,10,10,10
600,9,9,9
601,6,6,6
602,2,2,1
603,6,6,6
604,2,2,1
605,3,10,3
606,8,8,8
607,7,7,7
608,6,6,9
609,6,6,6
610,6,6,6
611,2,2,2
612,9,9,9
613,9,5,5
614,5,5,10
615,6,6,6
616,8,8,8
617,6,6,6
618,6,9,5
619,2,9,4
620,1,6,7
621,5,5,5
622,6,2,2
623,2,2,6
624,6,6,6
625,6,6,2
626,7,4,7
627,10,7,7
628,3,10,3
629,9,9,9
630,6,6,6
631,3,3,3
632,10,10,6
633,9,9,9
634,6,6,6
635,3,3,3
636,6,6,6
637,6,6,6
638,2,2,2
639,6,6,6
640,6,6,6
641,6,6,6
642,9,9,5
643,6,2,6
644,9,9,9
645,6,6,6
646,1,1,1
647,2,10,10
648,6,10,6
649,9,6,6
650,6,6,6
651,9,9,9
652,10,10,10
653,6,6,6
654,8,10,8
655,10,2,10
656,1,10,10
657,8,8,4
658,3,3,3
659,6,6,6
660,8,2,8
661,6,10,8
662,6,10,6
663,4,4,4
664,8,2,8
665,10,6,1
666,1,8,10
667,7,7,6
668,9,9,9
669,6,2,5
670,10,6,10
671,2,5,2
672,6,5,5
673,9,2,6
674,10,6,6
675,10,10,10
676,9,10,9
677,10,10,10
678,9,8,9
679,10,10,10
680,9,9,9
681,2,2,2
682,7,6,6
683,9,9,9
684,6,10,6
685,6,6,6
686,10,10,10
687,8,5,5
688,10,1,1
689,7,7,5
690,4,4,10
691,4,4,4
692,3,3,3
693,2,2,2
694,6,6,6
695,4,10,7
696,6,6,6
697,5,5,5
698,8,8,8
699,8,5,2
700,6,6,6
701,1,2,1
702,6,6,6
703,9,9,9
704,9,9,9
705,1,1,2
706,7,7,6
707,6,6,6
708,5,5,5
709,7,10,6
710,6,10,6
711,9,9,9
712,6,1,6
713,10,10,10
714,1,1,1
715,6,6,7
716,10,6,10
717,1,8,9
718,6,1,6
719,6,2,2
720,1,6,1
721,9,9,10
722,9,1,9
723,6,9,6
724,2,2,7
725,1,1,10
726,6,6,6
727,9,9,9
728,6,6,6
729,10,1,2
730,10,10,10
731,1,2,2
732,8,6,8
733,10,10,10
734,9,10,9
735,6,6,6
736,10,10,10
737,6,2,1
738,4,6,6
739,6,6,6
740,6,6,6
741,9,9,9
742,9,9,9
743,6,10,6
744,6,6,6
745,9,9,9
746,8,8,2
747,6,6,6
748,9,2,9
749,6,6,6
750,8,8,10
751,5,5,5
752,1,9,9
753,4,8,9
754,6,2,2
755,7,7,7
756,9,6,9
757,9,10,6
758,8,2,8
759,6,9,6
760,6,6,6
761,1,9,3
762,6,6,6
763,1,1,6
764,6,6,6
765,6,10,6
766,6,6,6
767,9,9,9
768,7,7,7
769,6,6,6
770,9,9,9
771,4,4,4
772,3,3,3
773,9,9,9
774,4,2,4
775,7,6,6
776,9,9,6
777,4,4,4
778,4,4,6
779,9,9,4
780,6,6,6
781,2,2,9
782,6,6,7
783,3,3,3
784,1,1,1
785,9,11,9
786,10,10,10
787,1,5,5
788,9,9,9
789,5,5,6
790,6,6,6
791,9,9,9
792,6,6,6
793,9,9,9
794,7,7,4
795,11,10,10
796,6,6,6
797,10,10,9
798,6,6,6
799,6,1,1
800,8,10,5
801,5,5,5
802,4,6,4
803,1,2,2
804,6,6,6
805,9,9,9
806,3,3,6
807,6,6,6
808,6,9,2
809,4,4,4
810,6,6,6
811,6,10,6
812,6,7,6
813,9,9,9
814,6,6,6
815,6,6,6
816,6,6,6
817,4,6,6
818,3,6,3
819,4,4,4
820,6,6,6
821,9,9,9
822,9,9,9
823,4,2,6
824,6,6,6
825,9,9,6
826,6,6,6
827,6,6,6
828,3,10,3
829,6,7,7
830,10,10,10
831,3,3,3
832,9,9,9
833,6,6,1
834,4,4,4
835,9,9,9
836,9,2,2
837,2,1,6
838,10,10,10
839,11,11,11
840,6,6,6
841,6,6,1
842,3,3,3
843,3,3,3
844,7,7,6
845,7,10,10
846,4,4,4
847,9,9,9
848,2,6,6
849,4,6,6
850,10,10,10
851,6,6,6
852,6,6,6
853,10,7,10
854,2,2,2
855,11,10,10
856,11,10,10
857,2,6,2
858,7,7,7
859,10,9,10
860,10,10,10
861,9,9,8
862,6,6,6
863,9,9,3
864,5,1,9
865,2,5,2
866,2,2,2
867,9,9,10
868,2,2,2
869,5,6,2
870,9,9,6
871,6,4,4
872,1,1,1
873,6,2,6
874,4,4,4
875,4,4,6
876,7,7,7
877,6,6,6
878,10,10,10
879,7,1,1
880,9,10,6
881,5,5,5
882,1,1,1
883,6,6,6
884,7,6,7
885,4,4,6
886,6,6,6
887,9,9,9
888,10,10,10
889,6,6,10
890,7,7,10
891,3,3,3
892,10,6,6
893,3,3,3
894,6,7,1
895,1,1,1
896,6,10,10
897,6,6,6
898,10,10,10
899,9,10,2
900,3,3,3
901,1,1,10
902,1,1,1
903,6,10,6
904,3,3,3
905,2,6,6
906,6,6,6
907,7,7,7
908,6,6,6
909,5,5,2
910,2,6,6
911,6,6,10
912,7,1,7
913,6,6,6
914,5,1,1
915,10,10,10
916,6,8,6
917,9,9,9
918,4,4,4
919,4,4,4
920,6,6,6
921,1,1,10
922,9,9,6
923,6,1,6
924,6,6,6
925,5,5,5
926,4,4,4
927,3,3,3
928,5,5,5
929,8,2,6
930,9,5,6
931,10,10,10
932,2,1,2
933,2,2,9
934,6,6,6
935,6,6,6
936,10,10,10
937,6,6,6
938,6,6,6
939,9,9,9
940,7,7,8
941,10,10,9
942,9,9,10
943,6,6,6
944,7,10,7
945,8,8,4
946,6,6,1
947,1,1,9
948,10,10,10
949,1,1,1
950,2,2,9
951,7,10,7
952,7,10,7
953,1,5,1
954,9,9,10
955,1,10,10
956,2,2,2
957,10,10,10
958,6,1,6
959,6,6,6
960,4,4,4
961,2,10,2
962,1,1,1
963,1,1,1
964,7,7,7
965,3,3,3
966,1,2,2
967,10,10,10
968,2,1,1
969,10,10,10
970,6,6,6
971,5,9,5
972,9,1,6
973,9,9,9
974,9,9,9
975,7,7,7
976,9,9,9
977,6,10,6
978,7,7,6
979,5,5,5
980,9,9,9
981,1,1,2
982,6,10,6
983,6,6,6
984,6,1,6
985,9,6,9
986,6,6,6
987,6,6,6
988,6,6,6
989,9,9,9
990,2,2,2
991,7,7,7
992,2,6,6
993,2,6,6
994,6,6,6
995,9,9,9
996,2,2,2
997,3,3,3
998,9,2,2
999,3,6,7
1000,11,11,11
1001,1,8,8
1002,10,10,10
1003,9,9,9
1004,6,6,6
1005,4,10,10
1006,3,3,3
1007,10,10,4
1008,9,2,9
1009,9,9,9
1010,5,5,5
1011,3,3,3
1012,8,8,2
1013,1,9,9
1014,5,5,5
1015,1,1,1
1016,3,3,3
1017,6,6,6
1018,6,6,6
1019,7,7,6
1020,10,10,10
1021,10,10,10
1022,10,10,10
1023,9,9,9
1024,9,9,9
1025,4,4,9
1026,9,1,1
1027,1,1,1
1028,1,1,1
1029,7,7,7
1030,4,4,4
1031,2,5,2
1032,9,9,9
1033,9,1,9
1034,6,6,6
1035,10,7,10
1036,9,2,7
1037,6,1,6
1038,6,6,6
1039,10,10,10
1040,3,3,3
1041,10,10,10
1042,3,3,3
1043,8,2,8
1044,6,1,1
1045,6,6,6
1046,3,3,3
1047,9,9,9
1048,9,9,9
1049,3,3,3
1050,5,5,5
1051,9,10,2
1052,4,4,10
1053,4,4,4
1054,3,3,3
1055,2,9,6
1056,9,9,2
1057,8,8,8
1058,9,9,9
1059,11,11,11
1060,9,9,6
1061,9,9,9
1062,2,1,1
1063,4,6,10
1064,6,1,1
1065,5,5,5
1066,3,6,3
1067,10,10,10
1068,6,7,2
1069,2,8,2
1070,9,9,9
1071,9,1,9
1072,7,7,6
1073,6,7,6
1074,9,2,2
1075,6,6,6
1076,7,7,7
1077,7,7,7
1078,6,8,6
1079,3,3,3
1080,2,2,9
1081,5,5,5
1082,9,9,10
1083,6,7,7
1084,10,10,6
1085,10,6,10
1086,3,6,3
1087,6,1,1
1088,10,10,10
1089,6,6,6
1090,6,6,6
1091,9,9,9
1092,5,5,5
1093,6,6,6
1094,6,9,9
1095,3,3,3
1096,7,5,7
1097,8,8,8
1098,2,2,6
1099,2,2,2
1100,10,6,10
1101,9,1,2
1102,3,6,3
1103,2,2,2
1104,9,2,8
1105,1,6,6
1106,3,7,6
1107,9,1,9
1108,8,10,10
1109,8,10,10
1110,7,7,7
1111,2,10,6
1112,6,6,6
1113,6,6,6
1114,3,3,3
1115,1,1,1
1116,2,2,2
1117,5,5,5
1118,6,6,6
1119,6,10,10
1120,6,6,1
1121,4,4,4
1122,6,6,6
1123,4,6,6
1124,10,10,10
1125,6,6,7
1126,2,2,2
1127,6,6,6
1128,9,9,9
1129,9,9,10
1130,6,2,2
1131,9,5,5
1132,10,10,10
1133,2,2,3
1134,8,1,1
1135,6,6,6
1136,10,10,10
1137,10,10,10
1138,9,10,9
1139,10,10,10
1140,3,10,3
1141,10,7,10
1142,3,3,3
1143,6,1,1
1144,10,10,10
1145,1,9,2
1146,9,9,9
1147,2,2,2
1148,6,6,6
1149,7,10,10
1150,6,6,6
1151,6,6,6
1152,6,2,6
1153,1,10,2
1154,6,6,6
1155,10,2,9
1156,10,2,10
1157,10,10,10
1158,3,3,3
1159,6,6,6
1160,1,1,1
1161,10,6,10
1162,10,10,10
1163,9,9,9
1164,7,1,6
1165,2,2,2
1166,6,6,6
1167,6,1,6
1168,3,6,6
1169,6,2,6
1170,1,6,6
1171,6,6,6
1172,1,1,2
1173,6,6,6
1174,6,6,6
1175,6,6,6
1176,1,9,10
1177,3,7,3
1178,8,8,6
1179,5,5,5
1180,6,6,6
1181,10,10,10
1182,2,2,5
1183,6,6,6
1184,5,5,5
1185,6,6,6
1186,7,1,1
1187,7,1,1
1188,7,7,7
1189,9,9,9
1190,3,3,3
1191,3,3,3
1192,3,3,3
1193,3,3,3
1194,10,6,6
1195,2,1,9
1196,10,10,10
1197,6,1,1
1198,3,6,3
1199,9,9,9
1200,6,6,6
1201,7,7,7
1202,6,6,6
1203,1,1,1
1204,4,4,4
1205,4,4,4
1206,4,4,4
1207,4,4,4
1208,4,4,4
1209,4,4,4
1210,4,4,4
1211,4,4,4
1212,6,2,6
1213,2,5,1
1214,6,6,6
1215,3,3,3
1216,3,3,3
1217,6,6,9
1218,2,2,2
1219,9,9,9
1220,2,2,6
1221,6,6,6
1222,9,9,6
1223,2,2,1
1224,10,6,9
1225,9,9,9
1226,7,7,7
1227,2,1,2
1228,6,6,6
1229,6,6,6
1230,2,2,2
1231,3,3,3
1232,6,1,6
1233,6,1,6
1234,8,8,8
1235,6,2,2
1236,11,11,10
1237,9,9,9
1238,1,7,6
1239,1,1,1
1240,6,6,6
1241,3,3,3
1242,4,2,4
1243,6,6,6
1244,9,5,5
1245,5,5,10
1246,6,6,6
1247,9,9,9
1248,5,1,5
1249,4,10,10
1250,2,2,6
1251,7,1,7
1252,2,2,2
1253,6,6,10
1254,10,10,10
1255,4,4,6
1256,1,1,1
1257,6,6,6
1258,3,3,3
1259,6,6,6
1260,6,1,6
1261,6,6,6
1262,9,9,10
1263,7,7,7
1264,5,5,5
1265,3,11,1
1266,9,9,9
1267,6,6,6
1268,2,7,10
1269,9,9,9
1270,2,2,5
1271,9,9,2
1272,10,2,10
1273,2,2,2
1274,4,8,4
1275,6,6,6
1276,5,5,5
1277,8,8,2
1278,8,10,6
1279,7,2,7
1280,3,6,3
1281,6,10,6
1282,2,2,1
1283,6,6,6
1284,1,1,1
1285,9,9,9
1286,6,6,6
1287,7,6,7
1288,6,6,6
1289,4,4,4
1290,7,6,7
1291,9,9,9
1292,3,3,3
1293,2,2,1
1294,6,1,1
1295,1,1,6
1296,1,1,10
1297,6,9,6
1298,6,6,6
1299,9,9,1
1300,4,10,1
1301,5,5,10
1302,5,5,10
1303,6,6,6
1304,6,1,6
1305,10,6,10
1306,4,9,4
1307,7,6,6
1308,6,6,6
1309,9,9,9
1310,6,6,6
1311,10,10,10
1312,6,6,6
1313,3,4,3
1314,7,6,7
1315,10,10,10
1316,6,6,6
1317,4,4,4
1318,6,9,9
1319,10,9,9
1320,6,10,6
1321,9,9,9
1322,3,7,4
1323,4,7,2
1324,6,6,6
1325,2,1,9
1326,9,9,2
1327,1,1,1
1328,6,2,10
1329,5,5,5
1330,5,5,1
1331,1,6,6
1332,6,6,6
1333,2,2,6
1334,6,6,6
1335,7,10,6
1336,7,7,7
1337,6,6,6
1338,10,6,10
1339,6,6,6
1340,6,10,6
1341,5,10,1
1342,10,6,10
1343,10,10,10
1344,4,4,4
1345,9,9,9
1346,9,10,10
1347,6,1,1
1348,3,3,3
1349,5,5,5
1350,7,7,7
1351,6,1,6
1352,3,3,3
1353,10,10,10
1354,3,3,3
1355,7,10,7
1356,7,7,7
1357,9,9,9
1358,4,4,4
1359,9,9,8
1360,2,2,2
1361,8,8,8
1362,6,6,9
1363,10,10,10
1364,9,9,9
1365,6,6,6
1366,6,6,6
1367,2,2,10
1368,2,2,10
1369,10,10,10
1370,10,10,10
1371,10,10,10
1372,9,10,9
1373,6,6,6
1374,9,9,9
1375,6,8,8
1376,6,6,6
1377,9,9,9
1378,6,2,6
1379,6,6,6
1380,6,6,6
1381,2,2,2
1382,6,6,6
1383,6,10,6
1384,10,10,10
1385,6,6,6
1386,2,2,2
1387,2,2,2
1388,3,10,3
1389,6,6,6
1390,6,6,6
1391,6,1,6
1392,3,3,3
1393,6,6,6
1394,2,2,9
1395,6,6,6
1396,6,6,6
1397,2,2,2
1398,2,2,6
1399,3,3,3
1400,5,5,5
1401,10,10,10
1402,6,6,6
1403,3,3,3
1404,6,6,6
1405,1,1,9
1406,3,10,3
1407,5,5,5
1408,9,10,10
1409,1,1,1
1410,10,10,10
1411,3,3,3
1412,6,6,6
1413,2,2,2
1414,10,10,9
1415,7,7,7
1416,5,5,9
1417,5,5,5
1418,6,6,6
1419,6,6,6
1420,7,7,7
1421,6,6,6
1422,6,6,6
1423,7,5,5
1424,8,6,6
1425,6,6,6
1426,9,10,10
1427,9,9,9
1428,9,9,9
1429,2,2,8
1430,6,6,6
1431,10,10,10
1432,3,3,3
1433,3,3,3
1434,7,7,9
1435,7,7,9
1436,2,2,8
1437,3,3,3
1438,10,6,10
1439,10,1,10
1440,9,9,5
1441,6,6,6
1442,5,5,5
1443,1,1,9
1444,1,10,1
1445,9,9,9
1446,6,10,6
1447,10,10,10
1448,1,6,1
1449,6,10,6
1450,7,7,7
1451,4,4,4
1452,2,2,10
1453,6,10,2
1454,3,6,3
1455,6,2,1
1456,9,9,10
1457,6,2,6
1458,9,5,5
1459,10,10,10
1460,6,6,6
1461,6,6,6
1462,6,6,6
1463,9,10,9
1464,6,10,6
1465,6,10,6
1466,6,6,6
1467,6,6,6
1468,2,2,2
1469,8,8,8
1470,6,6,6
1471,9,10,9
1472,2,1,7
1473,6,10,6
1474,6,10,6
1475,2,2,9
1476,3,9,3
1477,3,9,3
1478,10,6,10
1479,6,6,6
1480,6,6,6
1481,7,7,6
1482,2,5,2
1483,6,6,6
1484,3,3,3
1485,6,6,6
1486,6,6,6
1487,9,9,9
1488,10,10,10
1489,9,9,10
1490,7,7,6
1491,9,9,10
1492,3,3,3
1493,9,1,9
1494,2,7,10
1495,9,9,9
1496,6,2,6
1497,3,3,3
1498,6,6,6
1499,6,6,6
1500,7,10,7
1501,9,9,6
1502,3,9,3
1503,9,1,6
1504,5,5,7
1505,6,6,7
1506,6,6,6
1507,6,6,6
1508,6,6,6
1509,3,10,3
1510,9,2,6
1511,2,2,2
1512,6,6,6
1513,1,1,1
1514,6,6,6
1515,6,6,6
1516,9,9,9
1517,2,2,2
1518,9,9,9
1519,6,6,6
1520,6,6,6
1521,6,7,6
1522,2,2,8
1523,6,6,6
1524,10,1,1
1525,3,3,3
1526,2,2,2
1527,1,1,1
1528,3,3,3
1529,6,6,6
1530,1,10,10
1531,7,7,7
1532,9,9,5
1533,10,10,6
1534,6,6,6
1535,10,10,10
1536,3,3,3
1537,5,5,8
1538,6,6,6
1539,6,10,6
1540,10,10,10
1541,9,9,9
1542,2,2,2
1543,10,10,10
1544,9,8,9
1545,2,8,8
1546,6,2,6
1547,9,10,10
1548,9,10,10
1549,9,9,9
1550,6,1,6
1551,3,3,3
1552,6,6,6
1553,6,6,6
1554,5,5,5
1555,10,10,10
1556,6,6,6
1557,3,3,3
1558,3,3,3
1559,9,9,9
1560,7,9,7
1561,6,6,6
1562,2,2,2
1563,6,6,6
1564,5,5,5
1565,9,9,9
1566,10,10,10
1567,10,10,10
1568,5,5,5
1569,9,9,9
1570,11,11,10
1571,2,2,2
1572,6,10,6
1573,4,10,4
1574,2,8,9
1575,6,6,6
1576,2,2,2
1577,4,4,2
1578,6,2,6
1579,9,9,9
1580,6,6,6
1581,9,10,1
1582,6,9,6
1583,7,1,1
1584,7,1,1
1585,9,9,9
1586,3,3,3
1587,9,9,9
1588,6,9,6
1589,9,9,9
1590,4,4,4
1591,10,6,10
1592,3,1,3
1593,6,6,6
1594,6,6,6
1595,6,6,6
1596,6,6,6
1597,7,7,6
1598,2,2,2
1599,6,6,6
1600,5,5,5
1601,7,7,7
1602,4,1,6
1603,6,6,10
1604,3,3,3
1605,9,10,7
1606,6,6,6
1607,4,10,10
1608,6,6,6
1609,7,7,7
1610,2,2,2
1611,5,5,5
1612,5,5,5
1613,3,3,3
1614,6,6,6
1615,10,10,1
1616,6,2,6
1617,6,6,6
1618,3,3,3
1619,2,1,6
1620,1,1,6
1621,4,10,10
1622,2,2,2
1623,1,2,1
1624,9,5,9
1625,4,4,4
1626,4,4,4
1627,3,3,3
1628,5,1,6
1629,9,10,7
1630,6,6,6
1631,10,10,10
1632,3,3,3
1633,3,3,3
1634,9,9,9
1635,4,4,10
1636,3,3,3
1637,3,3,3
1638,10,10,10
1639,2,10,6
1640,6,6,6
1641,1,1,1
1642,11,10,10
1643,10,10,6
1644,6,6,6
1645,6,6,6
1646,1,1,6
1647,10,10,10
1648,6,10,4
1649,6,6,6
1650,2,2,2
1651,5,5,5
1652,1,1,2
1653,9,9,10
1654,7,5,5
1655,6,10,6
1656,6,6,6
1657,2,2,9
1658,2,1,6
1659,9,9,9
1660,6,6,6
1661,7,7,6
1662,3,3,3
1663,9,9,9
1664,7,5,8
1665,8,8,9
1666,9,6,9
1667,10,10,10
1668,6,2,6
1669,8,8,8
1670,9,1,1
1671,6,6,9
1672,3,2,3
1673,5,9,5
1674,10,10,10
1675,6,6,6
1676,9,10,10
1677,5,5,5
1678,5,1,9
1679,3,3,3
1680,3,10,3
1681,3,3,3
1682,6,6,6
1683,7,6,7
1684,11,10,6
1685,1,6,6
1686,7,7,10
1687,2,2,2
1688,5,1,1
1689,9,9,9
1690,9,9,9
1691,3,3,3
1692,7,7,7
1693,9,9,9
1694,8,2,8
1695,6,6,6
1696,9,9,9
1697,6,6,6
1698,6,6,6
1699,9,9,9
1700,10,10,9
1701,9,10,9
1702,9,9,9
1703,6,6,6
1704,9,5,5
1705,3,3,3
1706,5,5,5
1707,10,10,10
1708,8,8,10
1709,6,9,7
1710,10,10,10
1711,6,6,6
1712,7,7,7
1713,7,10,7
1714,9,9,9
1715,3,3,1
1716,6,6,6
1717,6,6,4
1718,1,10,10
1719,4,2,2
1720,7,7,7
1721,2,5,5
1722,7,10,7
1723,6,6,6
1724,1,1,6
1725,1,1,6
1726,6,7,6
1727,9,9,9
1728,6,6,6
1729,2,2,2
1730,6,10,6
1731,6,6,6
1732,6,6,6
1733,2,2,9
1734,5,9,9
1735,6,6,6
1736,9,9,9
1737,7,7,7
1738,2,5,2
1739,9,9,9
1740,7,11,10
1741,10,10,10
1742,1,1,10
1743,5,5,5
1744,10,10,6
1745,9,5,7
1746,10,10,9
1747,2,1,9
1748,6,6,6
1749,2,2,2
1750,6,6,6
1751,6,6,6
1752,5,5,5
1753,7,7,7
1754,2,5,5
1755,9,10,9
1756,3,3,3
1757,1,1,1
1758,10,10,10
1759,9,9,1
1760,4,3,3
1761,4,4,4
1762,3,3,3
1763,6,6,6
1764,10,10,10
1765,6,6,6
1766,11,11,11
1767,5,5,5
1768,3,6,3
1769,10,10,10
1770,10,10,10
1771,6,6,6
1772,6,10,6
1773,11,11,11
1774,3,3,3
1775,2,2,2
1776,6,10,9
1777,6,10,9
1778,3,3,3
1779,9,9,9
1780,6,6,10
1781,4,4,10
1782,2,2,8
1783,4,4,4
1784,6,6,6
1785,9,2,2
1786,3,3,3
1787,9,9,9
1788,2,10,9
1789,2,9,7
1790,5,5,5
1791,10,10,10
1792,10,10,10
1793,9,9,9
1794,9,9,9
1795,10,10,10
1796,6,6,1
1797,6,5,6
1798,8,8,10
1799,10,10,10
1800,7,7,7
1801,2,2,1
1802,6,6,6
1803,3,3,3
1804,3,6,3
1805,9,10,10
1806,2,5,1
1807,10,6,10
1808,3,3,3
1809,4,10,4
1810,2,2,2
1811,2,2,2
1812,6,6,6
1813,6,6,6
1814,6,6,6
1815,6,6,6
1816,10,10,10
1817,1,1,6
1818,10,10,10
1819,2,2,2
1820,6,6,6
1821,2,1,4
1822,6,1,6
1823,6,6,6
1824,5,5,5
1825,9,9,9
1826,9,9,9
1827,1,1,1
1828,2,1,1
1829,6,6,6
1830,6,6,6
1831,2,2,2
1832,2,2,6
1833,7,6,7
1834,3,3,3
1835,1,8,1
1836,6,6,6
1837,6,10,6
1838,11,11,11
1839,1,1,1
1840,6,6,10
1841,6,6,6
1842,9,9,9
1843,9,2,6
1844,10,10,10
1845,3,6,3
1846,9,9,9
1847,7,7,7
1848,10,10,10
1849,7,7,7
1850,7,7,7
1851,10,10,10
1852,6,10,6
1853,9,5,9
1854,9,9,9
1855,10,10,10
1856,9,9,9
1857,6,6,6
1858,5,5,5
1859,2,2,4
1860,2,2,2
1861,10,10,10
1862,3,10,3
1863,9,9,9
1864,5,5,5
1865,5,5,5
1866,9,9,9
1867,2,2,1
1868,4,4,4
1869,1,10,10
1870,6,4,6
1871,6,10,6
1872,6,6,6
1873,6,6,6
1874,10,10,10
1875,9,9,9
1876,6,6,9
1877,6,6,6
1878,6,6,6
1879,4,4,4
1880,10,4,4
1881,5,5,5
1882,5,5,5
1883,6,6,6
1884,2,2,2
1885,6,6,6
1886,6,6,10
1887,7,7,7
1888,4,4,4
1889,6,6,6
1890,7,7,7
1891,1,1,1
1892,9,7,3
1893,8,2,8
1894,4,4,4
1895,5,5,5
1896,6,1,6
1897,1,1,1
1898,2,2,9
1899,6,2,6
1900,6,6,6
1901,6,7,6
1902,4,1,9
1903,3,3,3
1904,3,3,3
1905,6,5,1
1906,9,9,9
1907,2,2,2
1908,6,3,6
1909,5,5,5
1910,9,1,6
1911,5,5,5
1912,2,10,7
1913,9,6,1
1914,6,6,10
1915,2,2,2
1916,9,1,1
1917,5,5,5
1918,9,9,6
1919,1,10,1
1920,4,4,4
1921,4,2,1
1922,1,10,10
1923,6,8,6
1924,9,8,8
1925,5,5,5
1926,10,10,10
1927,1,5,1
1928,5,2,5
1929,10,10,10
1930,5,5,5
1931,6,6,6
1932,1,10,10
1933,3,4,6
1934,2,2,9
1935,2,1,1
1936,6,6,6
1937,9,9,9
1938,10,10,1
1939,9,9,1
1940,4,4,4
1941,3,3,3
1942,9,9,9
1943,6,6,6
1944,6,6,6
1945,9,9,6
1946,5,9,9
1947,6,6,6
1948,9,9,9
1949,9,9,9
1950,9,10,9
1951,10,10,9
1952,8,8,8
1953,10,10,10
1954,6,2,6
1955,10,10,10
1956,3,3,3
1957,6,6,6
1958,8,8,2
1959,3,10,3
1960,6,4,4
1961,6,1,6
1962,10,10,10
1963,3,10,3
1964,8,8,8
1965,6,2,6
1966,6,6,6
1967,9,9,9
1968,6,6,6
1969,9,2,2
1970,9,6,6
1971,6,6,6
1972,4,4,4
1973,6,6,6
1974,5,5,5
1975,6,6,7
1976,1,1,1
1977,10,5,10
1978,9,10,9
1979,6,6,6
1980,4,10,4
1981,3,3,3
1982,7,1,7
1983,7,1,7
1984,2,2,8
1985,6,6,6
1986,3,10,3
1987,1,1,1
1988,6,6,6
1989,2,2,2
1990,9,9,9
1991,2,2,9
1992,4,4,4
1993,6,6,6
1994,6,6,6
1995,2,9,8
1996,10,2,9
1997,9,9,9
1998,1,1,1
1999,2,2,2
2000,9,9,9
2001,7,10,9
2002,7,6,6
2003,2,2,2
2004,2,2,6
2005,3,3,3
2006,10,10,10
2007,6,1,7
2008,6,6,6
2009,6,1,6
2010,9,10,9
2011,6,1,8
2012,10,10,10
2013,5,5,9
2014,8,6,8
2015,6,6,6
2016,6,6,6
2017,3,6,3
2018,6,6,6
2019,7,7,7
2020,6,7,6
2021,6,7,7
2022,5,5,6
2023,9,5,1
2024,6,7,7
2025,6,6,6
2026,5,5,5
2027,9,5,5
2028,6,6,6
2029,5,2,8
2030,8,9,9
2031,7,7,7
2032,8,5,5
2033,6,6,6
2034,6,10,6
2035,3,3,3
2036,7,10,7
2037,1,1,1
2038,6,8,9
2039,10,10,10
2040,1,1,6
2041,6,1,8
2042,9,9,9
2043,6,1,6
2044,7,7,7
2045,7,7,6
2046,5,5,5
2047,5,5,5
2048,7,7,7
2049,9,10,9
2050,6,6,6
2051,6,10,6
2052,4,4,4
2053,4,4,6
2054,10,1,10
2055,3,3,3
2056,9,9,9
2057,6,6,6
2058,2,1,2
2059,4,4,4
2060,6,10,6
2061,5,5,5
2062,6,6,6
2063,6,7,6
2064,6,1,6
2065,3,3,3
2066,9,9,9
2067,10,10,6
2068,10,10,10
2069,9,9,10
2070,4,6,6
2071,4,6,6
2072,5,5,5
2073,10,10,10
2074,5,5,3
2075,6,6,6
2076,6,9,6
2077,6,6,6
2078,6,10,6
2079,6,6,6
2080,2,2,9
2081,9,9,9
2082,10,10,9
2083,7,6,7
2084,5,5,5
2085,6,6,4
2086,6,6,9
2087,6,7,7
2088,10,10,10
2089,9,9,6
2090,4,6,10
2091,6,10,6
2092,2,2,6
2093,6,9,6
2094,2,1,1
2095,2,2,2
2096,10,10,10
2097,5,5,5
2098,9,9,9
2099,7,2,7
2100,9,9,9
2101,9,9,9
2102,10,10,10
2103,9,9,5
2104,9,9,9
2105,8,9,6
2106,3,10,6
2107,3,6,3
2108,9,9,9
2109,6,6,6
2110,6,6,6
2111,2,1,2
2112,6,6,6
2113,4,4,4
2114,10,10,10
2115,9,2,2
2116,9,9,9
2117,2,10,6
2118,7,9,7
2119,8,9,2
2120,10,9,10
2121,9,9,9
2122,7,6,7
2123,3,3,3
2124,3,3,3
2125,6,6,6
2126,6,6,6
2127,6,1,1
2128,6,10,6
2129,6,6,6
2130,8,8,8
2131,2,2,2
2132,9,9,9
2133,3,3,3
2134,6,6,6
2135,5,5,5
2136,9,9,9
2137,4,10,4
2138,9,9,9
2139,7,2,7
2140,2,1,1
2141,5,5,5
2142,6,6,6
2143,9,9,9
2144,2,2,7
2145,6,6,6
2146,6,6,2
2147,6,6,6
2148,4,4,4
2149,10,10,10
2150,7,7,7
2151,10,10,10
2152,2,2,1
2153,2,2,2
2154,6,9,7
2155,7,10,7
2156,6,2,5
2157,9,5,5
2158,10,9,10
2159,6,6,6
2160,10,10,10
2161,2,2,9
2162,9,2,8
2163,5,10,5
2164,9,9,5
2165,2,4,1
2166,4,10,4
2167,6,10,1
2168,5,5,5
2169,6,10,6
2170,9,9,9
2171,8,8,8
2172,1,1,1
2173,9,1,6
2174,2,2,2
2175,6,6,6
2176,9,6,6
2177,9,10,10
2178,2,1,1
2179,2,2,2
2180,5,10,5
2181,10,6,6
2182,6,10,6
2183,1,1,1
2184,10,10,10
2185,2,2,2
2186,6,4,6
2187,7,1,6
2188,9,9,9
2189,7,5,5
2190,2,7,2
2191,10,1,2
2192,2,2,2
2193,9,9,10
2194,5,5,5
2195,2,2,2
2196,1,1,8
2197,6,6,9
2198,6,10,4
2199,9,10,9
2200,10,10,10
2201,10,10,10
2202,6,6,6
2203,5,5,6
2204,1,1,10
2205,9,1,9
2206,9,9,8
2207,9,9,9
2208,9,1,9
2209,6,7,6
2210,6,10,6
2211,2,1,6
2212,4,9,4
2213,4,9,6
2214,10,10,10
2215,5,5,5
2216,6,6,6
2217,3,3,3
2218,3,10,3
2219,5,5,5
2220,6,6,6
2221,10,10,10
2222,6,10,6
2223,3,3,3
2224,9,9,9
2225,3,3,3
2226,9,1,1
2227,7,7,7
2228,3,3,3
2229,6,6,7
2230,1,6,1
2231,9,9,9
2232,9,10,9
2233,5,5,5
2234,1,1,6
2235,5,5,5
2236,10,10,10
2237,3,3,3
2238,6,6,6
2239,7,7,7
2240,6,6,6
2241,1,1,1
2242,6,6,6
2243,10,10,10
2244,10,10,10
2245,4,4,4
2246,2,2,2
2247,1,1,6
2248,4,6,4
2249,4,6,4
2250,5,10,8
2251,6,6,6
2252,4,7,4
2253,9,9,9
2254,9,9,9
2255,1,1,2
2256,7,6,7
2257,6,6,6
2258,9,9,9
2259,9,9,10
2260,2,5,2
2261,10,10,10
2262,7,7,7
2263,6,6,6
2264,6,1,1
2265,2,2,2
2266,6,10,1
2267,5,5,5
2268,2,2,6
2269,6,6,6
2270,4,4,4
2271,7,6,6
2272,9,5,5
2273,2,2,6
2274,5,10,5
2275,5,10,5
2276,5,5,5
2277,6,6,6
2278,9,5,5
2279,6,2,6
2280,2,2,2
2281,6,6,6
2282,4,10,4
2283,6,6,6
2284,7,10,7
2285,5,5,6
2286,4,10,4
2287,6,6,6
2288,3,3,3
2289,6,10,6
2290,3,3,3
2291,6,10,7
2292,3,3,3
2293,6,6,6
2294,6,6,6
2295,2,2,2
2296,5,5,9
2297,6,9,6
2298,4,6,6
2299,10,10,10
2300,10,10,10
2301,6,6,6
2302,10,10,10
2303,9,10,10
2304,10,10,10
2305,6,7,7
2306,9,9,9
2307,5,5,5
2308,10,10,4
2309,9,10,9
2310,3,10,3
2311,7,10,3
2312,6,6,6
2313,2,2,2
2314,10,10,10
2315,10,10,5
2316,6,9,9
2317,1,1,1
2318,6,6,2
2319,6,6,6
2320,6,10,10
2321,10,10,9
2322,4,6,6
2323,9,9,2
2324,9,9,9
2325,10,10,10
2326,10,10,10
2327,9,9,9
2328,6,10,9
2329,3,3,3
2330,6,6,6
2331,10,10,5
2332,5,5,5
2333,5,5,5
2334,2,5,2
2335,2,1,1
2336,6,6,1
2337,6,6,1
2338,2,8,8
2339,6,6,6
2340,9,9,9
2341,7,6,7
2342,9,9,10
2343,9,9,10
2344,8,10,7
2345,6,6,6
2346,9,10,9
2347,9,9,9
2348,1,10,10
2349,9,9,9
2350,2,6,6
2351,8,6,6
2352,8,6,6
2353,10,10,10
2354,2,2,9
2355,5,5,5
2356,6,6,6
2357,3,3,3
2358,6,6,6
2359,5,5,5
2360,6,6,6
2361,4,4,4
2362,7,7,7
2363,9,10,9
2364,4,6,6
2365,9,9,9
2366,10,10,10
2367,10,10,10
2368,9,9,9
2369,1,1,1
2370,3,3,3
2371,5,5,5
2372,6,2,6
2373,6,6,6
2374,10,10,10
2375,5,5,5
2376,10,10,10
2377,6,6,6
2378,3,3,3
2379,6,1,6
2380,6,6,6
2381,3,2,3
2382,4,10,4
2383,9,9,9
2384,10,10,4
2385,8,8,8
2386,7,7,7
2387,3,3,3
2388,3,3,3
2389,6,10,6
2390,6,10,6
2391,6,6,6
2392,3,3,3
2393,1,1,1
2394,9,9,6
2395,9,2,9
2396,2,2,1
2397,6,6,6
2398,2,10,5
2399,3,2,3
2400,10,10,10
2401,7,7,7
2402,6,6,6
2403,7,7,7
2404,1,9,10
2405,2,9,9
2406,10,9,9
2407,9,5,5
2408,7,10,7
2409,10,10,10
2410,8,8,8
2411,9,9,9
2412,7,6,7
2413,5,5,5
2414,10,10,10
2415,6,6,6
2416,3,3,3
2417,9,9,9
2418,8,8,8
2419,4,4,6
2420,9,9,6
2421,5,5,5
2422,7,7,7
2423,7,7,7
2424,6,6,6
2425,2,2,2
2426,8,8,9
2427,2,2,6
2428,5,5,5
2429,6,6,6
2430,7,7,7
2431,7,7,7
2432,10,10,10
2433,10,10,10
2434,9,9,7
2435,10,9,4
2436,10,10,10
2437,6,6,6
2438,1,1,1
2439,7,10,7
2440,6,6,3
2441,10,10,6
2442,6,6,6
2443,6,10,10
2444,10,6,4
2445,10,10,10
2446,6,6,4
2447,6,6,6
2448,2,2,6
2449,9,10,10
2450,9,10,10
2451,4,4,4
2452,2,2,2
2453,9,9,9
2454,6,6,6
2455,2,10,2
2456,6,10,10
2457,9,9,6
2458,3,3,3
2459,6,6,6
2460,10,6,6
2461,1,1,1
2462,6,6,6
2463,1,1,1
2464,9,10,9
2465,9,9,9
2466,6,6,6
2467,1,1,1
2468,6,1,6
2469,2,2,2
2470,9,9,10
2471,6,10,10
2472,5,10,5
2473,5,5,5
2474,2,2,2
2475,9,9,9
2476,6,6,6
2477,6,6,6
2478,2,1,8
2479,2,2,9
2480,5,5,5
2481,3,3,3
2482,4,4,4
2483,3,10,3
2484,10,10,10
2485,9,10,9
2486,7,7,7
2487,7,10,10
2488,5,5,9
2489,6,9,6
2490,8,8,8
2491,3,3,3
2492,2,2,2
2493,2,2,9
2494,10,10,10
2495,3,3,3
2496,9,9,9
2497,2,9,1
2498,8,8,6
2499,6,6,6
2500,10,10,10
