Soltuion,Hunter(hkroger),Snehal,Emma(eschare)
7.1,2,2,4
8.1,2,2,2
9.1,2,4,2
10.1,7,7,2
10.2,7,3,7
11.1,1,2,1
12.1,1,7,2
13.1,3,4,4
14.1,2,2,2
15.1,3,3,3
15.2,2,4,4
16.1,2,2,2
16.2,2,4,4
17.1,7,3,3
17.2,7,7,7
18.1,2,8,8
19.1,3,3,2
19.2,2,2,4
20.1,2,2,2
21.1,3,4,4
22.1,2,3,2
23.1,1,2,2
24.1,2,5,2
25.1,2,8,8
26.1,5,5,5
27.1,5,3,1
27.2,1,1,1
28.1,2,2,2
29.1,2,7,7
29.2,5,3,6
30.1,2,3,2
31.1,3,3,5
32.1,5,5,5
33.1,2,2,2
34.1,2,3,8
35.1,3,3,3
35.2,3,3,3
35.3,2,3,2
36.1,1,1,1
37.1,2,2,2
38.1,1,1,1
40.1,3,3,3
40.2,3,3,3
40.3,1,1,1
41.1,2,3,3
42.1,4,4,4
43.1,3,9,3
43.2,2,4,9
44.1,8,8,8
45.1,1,8,8
46.1,2,3,7
47.1,3,7,3
47.2,4,4,8
48.1,5,5,5
49.1,3,3,3
49.2,2,5,3
50.1,2,3,7
50.2,3,3,7
51.1,3,3,4
52.1,7,8,8
53.1,5,5,5
54.1,3,8,3
55.1,3,3,3
56.1,3,4,4
56.2,3,3,3
56.3,3,4,3
59.1,2,2,2
60.1,2,8,2
60.2,3,3,3
61.1,3,3,2
62.1,8,3,8
63.1,3,4,3
64.1,1,5,5
65.1,2,3,2
66.1,2,2,2
66.2,3,3,5
67.1,2,3,2
68.1,3,3,6
68.2,3,3,3
68.3,3,3,5
68.4,2,3,2
68.5,3,3,3
69.1,3,3,3
69.2,3,3,6
69.3,4,4,4
69.4,2,8,8
70.1,3,4,3
70.2,7,7,7
70.3,1,1,7
70.4,2,1,7
71.1,1,4,4
72.1,3,3,3
72.2,3,3,3
72.3,3,4,4
72.4,5,6,5
73.1,3,4,3
73.2,3,3,4
74.1,8,8,8
75.1,3,3,3
75.2,2,3,2
76.1,8,8,8
77.1,8,3,8
78.1,4,3,7
79.1,3,3,3
79.2,2,2,2
80.1,4,4,4
80.2,2,2,9
81.1,1,1,1
82.1,1,1,1
83.1,3,3,3
83.2,3,3,3
83.3,2,2,2
84.1,2,2,2
85.1,2,4,4
86.1,2,2,2
87.1,1,3,1
88.1,3,3,8
89.1,3,3,3
91.1,5,4,5
92.1,2,4,1
94.1,1,1,1
95.1,4,4,8
96.1,2,3,2
97.1,2,2,2
98.1,3,3,3
98.2,1,1,1
100.1,4,3,3
100.2,2,2,3
101.1,7,3,7
101.2,7,3,7
102.1,2,8,2
103.1,3,3,3
103.2,3,3,3
103.3,3,3,8
104.1,2,4,4
105.1,2,2,2
106.1,5,6,5
107.1,1,1,1
108.1,1,2,2
109.1,3,6,6
109.2,5,5,5
111.1,2,2,2
111.2,2,2,2
112.1,1,1,1
113.1,3,4,8
114.1,4,4,4
115.1,2,3,5
116.1,1,2,1
117.1,4,3,3
118.1,2,2,2
118.2,5,5,3
119.1,3,4,4
120.1,1,1,1
121.1,2,2,2
122.1,4,4,3
122.2,2,3,2
123.1,7,2,3
124.1,8,3,3
124.2,1,1,1
125.1,1,1,1
126.1,3,3,3
126.2,3,3,3
126.3,3,3,3
126.4,3,3,3
126.5,5,5,5
127.1,2,4,4
128.1,2,2,2
129.1,3,3,3
129.2,1,1,1
130.1,2,3,4
130.2,1,4,4
131.1,5,5,5
131.2,2,4,4
132.1,8,8,8
132.2,1,1,1
133.1,3,3,3
133.2,1,1,1
134.1,1,8,8
135.1,1,2,1
136.1,2,2,2
137.1,1,1,1
137.2,2,3,3
139.1,2,4,2
139.2,3,4,3
140.1,4,4,3
141.1,5,6,6
141.2,2,2,2
142.1,3,3,3
143.1,3,3,5
144.1,1,2,1
145.1,2,2,2
146.1,2,3,3
147.1,5,3,6
147.2,4,4,4
148.1,5,5,5
149.1,2,4,4
150.1,3,4,4
151.1,3,3,4
153.1,3,3,3
154.1,2,2,3
155.1,4,4,4
156.1,4,4,4
156.2,4,4,4
157.1,7,7,7
158.1,1,1,1
159.1,3,3,3
159.2,3,3,4
160.1,2,2,2
161.1,3,3,3
161.2,3,3,3
162.1,3,7,7
162.2,7,7,7
163.1,8,8,8
164.1,1,3,1
165.1,8,1,1
166.1,1,1,1
167.1,5,5,5
168.1,2,2,2
169.1,4,4,4
170.1,8,8,8
171.1,3,3,3
172.1,3,3,3
173.1,2,3,3
173.2,2,3,3
174.1,2,8,8
175.1,8,8,8
175.2,8,8,8
176.1,4,4,4
177.1,3,3,3
177.2,3,4,8
178.1,5,6,5
178.2,3,4,6
179.1,8,8,8
180.1,2,8,1
181.1,2,3,7
182.1,7,7,3
182.2,7,3,3
183.1,5,5,5
184.1,1,1,1
185.1,3,3,3
185.2,8,3,8
186.1,2,6,6
187.1,3,4,3
188.1,1,2,1
189.1,2,3,2
190.1,3,2,3
191.1,7,4,3
191.2,3,3,3
192.1,2,2,1
193.1,3,3,3
193.2,3,3,3
194.1,2,2,2
195.1,2,2,2
196.1,3,3,3
196.2,5,2,5
197.1,2,8,8
198.1,3,2,3
198.2,2,3,3
199.1,5,3,5
200.1,2,3,8
201.1,5,8,5
201.2,5,8,8
202.1,1,1,1
203.1,2,2,2
204.1,2,2,2
205.1,2,9,6
206.1,8,3,4
207.1,3,3,5
208.1,2,8,8
209.1,3,2,3
210.1,3,3,3
212.1,9,3,9
212.2,3,9,9
213.1,5,3,5
214.1,4,4,4
215.1,2,2,2
215.2,2,3,5
216.1,3,4,8
217.1,8,3,8
218.1,8,2,2
219.1,1,8,1
220.1,3,9,7
220.2,2,2,2
221.1,2,2,2
221.2,2,2,2
222.1,1,1,1
223.1,2,5,5
224.1,2,2,2
225.1,2,4,2
226.1,4,4,4
226.2,3,4,3
226.3,2,2,2
227.1,2,3,3
228.1,3,8,8
229.1,2,2,2
230.1,3,3,3
230.2,3,3,3
231.1,9,9,9
232.1,2,8,1
233.1,7,4,7
234.1,3,3,7
235.1,1,1,1
236.1,2,3,5
237.1,3,3,3
237.2,3,3,3
237.3,3,3,4
238.1,2,2,2
239.1,3,3,3
239.2,1,1,1
239.3,3,3,3
240.1,2,3,2
241.1,2,2,2
242.1,3,3,3
242.2,2,6,2
243.1,5,3,8
244.1,2,3,9
246.1,2,2,2
247.1,2,3,3
248.1,2,2,2
249.1,1,1,1
250.1,2,3,9
252.1,3,3,5
253.1,1,1,1
253.2,1,1,1
254.1,8,8,2
254.2,2,3,2
254.3,3,3,3
256.1,2,3,2
257.1,5,6,5
258.1,4,4,4
260.1,2,1,1
261.1,3,3,1
262.1,1,1,1
262.2,1,1,1
262.3,3,3,1
263.1,3,3,3
264.1,3,3,3
264.2,3,3,3
264.3,3,3,3
265.1,2,3,2
266.1,1,1,1
267.1,3,6,3
267.2,2,2,1
268.1,3,3,5
268.2,5,5,3
268.3,5,5,3
269.1,3,3,3
269.2,2,2,2
269.3,3,3,3
270.1,3,4,3
270.2,4,3,4
270.3,2,8,8
271.1,7,7,3
272.1,8,3,2
273.1,1,1,1
274.1,2,5,5
275.1,1,1,1
276.1,4,4,4
276.2,4,4,4
277.1,3,3,3
277.2,4,4,2
278.1,2,2,2
279.1,3,4,8
280.1,2,3,2
281.1,3,3,3
281.2,2,5,5
282.1,2,2,3
282.2,8,3,8
283.1,3,3,3
283.2,4,4,3
283.3,3,3,3
283.4,3,3,3
284.1,2,8,2
285.1,5,5,2
286.1,8,8,8
287.1,2,5,3
288.1,3,5,5
289.1,1,1,1
290.1,2,2,2
291.1,2,2,2
292.1,3,3,3
293.1,5,3,5
294.1,3,6,5
294.2,2,3,3
295.1,3,3,3
295.2,3,3,3
296.1,3,3,3
296.2,3,3,3
297.1,2,7,3
297.2,2,7,7
298.1,3,2,3
298.2,2,3,3
299.1,3,2,2
299.2,1,1,1
299.3,1,1,1
300.1,1,2,1
300.2,1,1,1
301.1,3,3,3
302.1,3,3,5
303.1,2,2,2
303.2,3,4,4
304.1,3,3,5
304.2,1,1,1
305.1,3,4,3
305.2,2,2,2
305.3,5,5,3
306.1,3,3,3
306.2,2,4,2
306.3,3,3,5
307.1,4,4,3
308.1,1,1,1
308.2,8,3,3
309.1,3,9,3
309.2,2,3,3
310.1,3,3,3
310.2,3,3,4
310.3,1,3,1
311.1,2,2,2
311.2,1,1,3
312.1,2,2,2
313.1,3,3,2
314.1,1,1,1
315.1,2,4,2
315.2,3,3,3
316.1,3,3,3
316.2,6,6,5
317.1,3,3,3
317.2,5,5,3
318.1,2,2,2
318.2,2,3,4
319.1,2,4,2
320.1,3,3,8
321.1,5,2,2
321.2,5,3,5
322.1,7,1,1
322.2,2,4,5
323.1,2,2,3
324.1,3,3,3
325.1,1,1,1
325.2,1,8,1
326.1,2,2,2
326.2,3,3,3
327.1,3,4,2
327.2,2,2,2
327.3,2,2,2
328.1,3,3,3
328.2,3,3,3
328.3,2,6,5
329.1,5,5,5
329.2,2,2,2
330.1,3,7,7
330.2,1,1,1
330.3,3,3,4
331.1,2,3,2
332.1,5,3,5
333.1,1,1,1
334.1,1,1,1
336.1,2,2,2
337.1,2,2,2
338.1,5,4,3
338.2,1,6,1
339.1,6,3,3
339.2,2,2,2
340.1,5,6,5
341.1,3,3,5
342.1,5,6,8
342.2,2,2,2
343.1,2,2,2
344.1,3,3,3
345.1,3,3,3
346.1,4,4,2
347.1,3,4,3
348.1,2,2,2
348.2,2,2,2
349.1,2,2,2
350.1,1,1,1
350.2,3,1,1
351.1,2,2,2
352.1,3,3,3
353.1,5,6,3
353.2,7,7,8
354.1,3,3,3
354.2,2,6,3
354.3,2,2,2
355.1,1,1,1
356.1,3,5,7
357.1,3,3,5
357.2,3,3,5
358.1,5,6,5
358.2,3,4,4
358.3,3,3,4
358.4,4,3,4
358.5,4,3,4
359.1,2,2,2
359.2,3,3,3
360.1,5,6,6
360.2,1,1,1
361.1,1,3,1
362.1,5,1,1
363.1,3,3,7
363.2,2,3,3
363.3,3,3,3
364.1,3,3,3
364.2,3,4,3
364.3,3,4,3
365.1,3,1,3
365.2,1,1,2
366.1,1,1,1
367.1,5,5,2
368.1,3,7,6
368.2,3,3,3
368.3,7,8,2
369.1,2,2,2
369.2,5,4,5
370.1,1,1,1
370.2,3,3,3
370.3,2,8,8
371.1,3,3,3
372.1,3,3,3
373.1,3,3,5
373.2,3,3,5
375.1,8,8,8
375.2,2,1,2
376.1,2,3,7
377.1,2,2,2
378.1,1,1,1
378.2,2,3,3
380.1,3,3,3
380.2,5,6,5
380.3,2,2,2
381.1,5,4,3
382.1,4,4,4
383.1,2,2,2
383.2,2,2,2
384.1,5,5,5
384.2,5,5,5
385.1,3,3,3
386.1,4,4,4
386.2,3,6,5
387.1,3,3,4
387.2,3,6,5
388.1,4,5,4
389.1,2,6,5
389.2,2,2,2
389.3,2,3,2
390.1,3,3,6
390.2,3,3,3
391.1,2,3,2
392.1,5,3,5
392.2,2,2,2
393.1,5,5,4
393.2,2,2,2
394.1,8,8,3
395.1,8,3,2
396.1,3,4,3
396.2,3,4,5
398.1,2,3,3
398.2,3,6,3
399.1,1,1,1
400.1,4,4,4
400.2,3,7,5
401.1,3,3,3
401.2,3,6,5
401.3,3,3,3
402.1,2,2,2
403.1,5,5,5
403.2,1,1,7
404.1,2,2,2
404.2,9,6,9
405.1,3,9,3
406.1,5,6,5
407.1,4,4,4
407.2,5,5,5
408.1,3,9,9
409.1,3,3,3
409.2,5,5,5
410.1,5,6,5
410.2,2,2,2
411.1,3,3,3
411.2,5,5,5
411.3,5,5,5
412.1,2,3,4
413.1,2,2,2
414.1,3,3,5
414.2,7,7,7
414.3,7,7,7
415.1,5,5,6
415.2,3,3,3
416.1,3,9,3
416.2,9,9,3
416.3,2,2,2
417.1,3,3,3
417.2,2,5,5
418.1,3,3,3
418.2,3,3,3
419.1,8,8,8
420.1,3,3,3
420.2,3,3,3
421.1,7,7,7
421.2,3,5,2
421.3,2,2,7
422.1,3,9,3
422.2,2,9,9
422.3,5,6,5
423.1,4,4,4
423.2,2,2,2
423.3,3,3,3
424.1,3,3,3
424.2,3,3,1
424.3,3,3,3
425.1,1,3,1
425.2,2,2,2
426.1,5,5,3
426.2,3,3,7
426.3,8,8,2
427.1,3,3,3
427.2,1,1,1
428.1,3,6,6
428.2,5,5,5
429.1,4,3,3
429.2,3,5,5
429.3,2,4,2
430.1,3,3,3
430.2,3,5,5
430.3,3,5,6
431.1,3,3,3
431.2,2,3,2
432.1,2,2,2
433.1,3,3,3
433.2,5,5,7
433.3,3,3,4
434.1,3,3,6
434.2,2,2,2
434.3,2,2,2
435.1,3,8,8
435.2,1,1,8
436.1,2,2,2
436.2,3,3,4
436.3,1,2,2
437.1,3,3,3
437.2,1,1,3
437.3,3,4,5
438.1,3,3,3
438.2,1,5,5
438.3,3,3,3
439.1,1,1,5
439.2,3,3,3
439.3,8,5,5
440.1,3,5,5
440.2,3,3,5
440.3,3,3,3
441.1,5,6,5
441.2,3,3,4
441.3,3,3,3
442.1,3,6,6
442.2,3,4,4
442.3,2,3,2
443.1,3,3,3
443.2,3,6,6
443.3,2,2,2
443.4,2,2,2
444.1,4,4,4
444.2,2,4,2
445.1,2,6,5
445.2,5,3,6
445.3,5,6,6
446.1,3,3,3
446.2,3,3,3
446.3,3,3,3
447.1,3,3,7
447.2,5,5,5
447.3,3,3,3
448.1,3,3,8
449.1,4,4,4
450.1,5,3,5
450.2,4,4,4
450.3,5,3,3
451.1,1,1,1
451.2,2,2,3
452.1,9,3,9
452.2,2,9,9
452.3,2,2,2
453.1,3,1,7
453.2,5,3,3
453.3,4,4,4
454.1,7,7,3
454.2,7,2,2
454.3,2,2,2
455.1,3,3,3
455.2,1,4,4
455.3,3,3,3
456.1,3,3,3
456.2,3,3,3
457.1,2,2,2
459.1,2,2,2
460.1,5,5,5
461.1,3,3,3
461.2,2,2,2
462.1,1,1,1
463.1,5,5,5
463.2,2,4,2
464.1,5,6,3
464.2,2,2,2
464.3,5,5,5
465.1,3,3,3
465.2,7,7,7
465.3,5,3,5
466.1,1,3,3
466.2,1,1,3
467.1,3,3,3
467.2,2,3,4
468.1,4,4,4
468.2,3,3,3
468.3,5,6,6
469.1,3,4,5
469.2,3,6,5
469.3,3,3,3
470.1,5,6,3
470.2,3,7,5
470.3,3,3,3
471.1,3,3,2
472.1,3,3,3
473.1,1,2,1
474.1,5,8,5
474.2,5,1,1
475.1,3,3,3
475.2,3,3,3
475.3,5,5,5
475.4,5,5,5
476.1,1,6,6
476.2,1,1,1
477.1,1,1,1
477.2,2,1,8
478.1,5,6,5
478.2,2,4,4
479.1,3,3,3
479.2,1,1,1
480.1,8,8,8
480.2,1,1,5
481.1,3,3,3
481.2,3,3,3
481.3,3,3,3
482.1,7,2,2
483.1,1,1,1
483.2,1,8,8
483.3,3,3,3
484.1,2,2,2
485.1,3,2,1
486.1,2,2,2
487.1,3,3,3
487.2,3,3,4
488.1,5,5,5
488.2,3,6,3
489.1,2,3,3
489.2,3,3,3
489.3,2,3,5
489.4,8,8,8
490.1,1,3,2
490.2,1,5,5
490.3,2,3,8
491.1,5,3,3
491.2,2,3,8
492.1,3,3,9
492.2,9,9,3
492.3,3,4,3
493.1,2,2,2
493.2,3,8,4
493.3,1,5,5
493.4,3,3,3
494.1,1,1,1
494.2,5,5,5
495.1,1,3,3
495.2,3,2,2
495.3,3,3,3
495.4,3,1,3
495.5,1,1,1
495.6,3,3,3
496.1,2,4,3
496.2,3,3,5
496.3,1,6,1
496.4,2,2,1
497.1,7,7,4
497.2,3,3,3
498.1,3,3,4
498.2,3,3,3
499.1,3,3,5
499.2,1,1,1
499.3,1,1,1
500.1,2,2,2
500.2,1,1,1
500.3,1,1,1
501.1,3,6,3
502.1,5,5,5
502.2,5,2,2
502.3,1,1,1
502.4,5,3,1
503.1,1,1,1
503.2,1,1,1
503.3,1,3,1
504.1,1,3,1
505.1,1,6,1
505.2,1,1,1
506.1,3,3,3
507.1,1,3,6
507.2,2,4,2
508.1,3,3,5
508.2,8,3,8
508.3,2,3,2
509.1,5,3,5
509.2,2,2,2
510.1,3,3,3
510.2,3,3,2
510.3,8,3,3
511.1,3,3,3
511.2,3,4,3
511.3,3,3,5
512.1,1,3,1
513.1,5,3,5
513.2,3,3,3
513.3,8,8,3
514.1,3,3,3
515.1,5,3,5
515.2,1,3,3
516.1,3,3,2
516.2,3,3,3
516.3,2,3,2
517.1,7,3,3
517.2,5,4,7
517.3,3,3,3
518.1,5,3,3
518.2,2,2,2
519.1,2,3,5
520.1,8,8,2
520.2,1,3,3
520.3,3,8,3
521.1,3,3,4
521.2,5,5,5
521.3,2,3,2
522.1,2,3,4
522.2,3,6,6
523.1,8,8,8
524.1,3,3,3
524.2,5,6,6
524.3,4,3,2
525.1,5,5,5
525.2,1,3,1
526.1,2,3,2
527.1,3,3,3
527.2,2,2,2
527.3,5,9,5
528.1,3,3,3
528.2,3,3,3
528.3,2,5,2
529.1,5,5,5
529.2,5,5,7
529.3,1,3,1
530.1,1,2,1
531.1,1,2,2
531.2,9,5,5
532.1,8,8,3
532.2,2,4,2
532.3,9,9,9
533.1,3,6,5
533.2,1,3,1
534.1,5,3,3
535.1,3,9,7
536.1,4,4,3
536.2,8,3,8
536.3,1,3,5
537.1,1,1,1
537.2,1,6,5
538.1,5,3,6
538.2,5,6,5
539.1,3,3,3
539.2,3,3,3
539.3,5,3,5
540.1,2,2,3
541.1,3,3,3
541.2,3,3,3
542.1,5,3,6
543.1,5,5,3
544.1,8,3,3
544.2,3,3,3
545.1,7,3,7
545.2,2,2,2
546.1,3,3,5
546.2,5,5,3
546.3,5,3,5
547.1,3,3,3
547.2,2,3,5
547.3,3,3,3
548.1,3,3,3
548.2,3,3,6
549.1,9,3,9
549.2,2,4,4
549.3,3,4,6
550.1,3,3,3
550.2,5,6,5
551.1,3,3,3
551.2,3,3,3
551.3,2,3,3
551.4,2,3,2
552.1,3,3,5
552.2,3,3,3
553.1,5,5,5
553.2,3,3,3
554.1,3,3,4
554.2,2,3,1
555.1,1,3,1
555.2,1,1,1
556.1,1,3,1
556.2,3,3,3
556.3,3,3,4
557.1,5,3,6
557.2,1,1,1
558.1,1,3,4
559.1,5,5,5
559.2,3,3,5
560.1,5,3,5
560.2,1,1,1
561.1,9,9,9
562.1,5,6,5
562.2,2,8,2
564.1,3,6,3
564.2,2,3,2
566.1,3,3,3
566.2,5,6,6
567.1,2,2,2
568.1,1,1,1
568.2,3,3,3
569.1,8,3,8
569.2,1,3,6
570.1,3,3,3
570.2,3,3,3
571.1,2,2,2
571.2,2,2,3
572.1,3,3,3
573.1,2,2,3
574.1,2,3,3
574.2,7,7,2
575.1,3,3,5
575.2,2,3,2
576.1,2,3,3
576.2,3,3,3
576.3,3,5,5
578.1,3,3,6
578.2,8,3,3
579.1,7,3,6
579.2,2,6,4
580.1,1,3,1
580.2,1,1,1
581.1,3,3,3
581.2,1,1,1
582.1,2,3,3
582.2,1,3,1
583.1,8,3,3
583.2,5,5,5
584.1,1,3,1
584.2,8,8,8
586.1,7,4,6
586.2,4,4,4
587.1,8,3,3
588.1,5,3,5
588.2,3,3,3
589.1,5,3,1
589.2,3,3,6
590.1,8,8,6
590.2,2,8,2
591.1,3,9,5
591.2,2,4,2
592.1,3,3,3
593.1,2,2,2
594.1,3,3,4
595.1,6,6,6
595.2,3,6,6
596.1,5,4,5
596.2,1,3,5
597.1,3,3,3
598.1,3,3,5
598.2,2,3,2
599.1,2,2,2
599.2,2,2,2
600.1,8,3,8
600.2,8,3,3
601.1,4,4,4
601.2,3,3,3
602.1,1,3,1
602.2,1,1,1
603.1,3,3,3
603.2,1,3,1
604.1,3,3,3
604.2,3,3,3
604.3,2,3,3
605.1,3,3,3
605.2,2,2,2
605.3,2,2,2
606.1,4,4,3
606.2,4,3,4
606.3,4,3,4
606.4,2,2,2
608.1,4,4,3
608.2,3,3,3
608.3,3,3,6
608.4,4,4,4
609.1,3,3,3
609.2,3,3,3
610.1,7,3,3
611.1,3,3,2
612.1,3,3,3
612.2,5,3,5
613.1,3,3,3
613.2,2,2,2
613.3,1,3,1
614.1,7,3,3
615.1,3,3,3
615.2,3,3,4
615.3,2,3,2
616.1,3,3,3
616.2,1,3,3
617.1,3,3,3
617.2,8,3,4
618.1,1,1,1
618.2,1,3,2
619.1,2,3,6
619.2,3,5,5
620.1,3,3,3
620.2,1,3,3
620.3,1,1,1
620.4,1,7,1
620.5,1,1,1
621.1,2,2,2
621.2,1,6,6
621.3,1,1,1
622.1,1,3,1
622.2,3,3,5
622.3,4,4,2
623.1,2,3,3
624.1,3,3,3
624.2,3,3,3
624.3,3,3,3
624.4,3,3,3
625.1,2,2,4
625.2,5,3,3
625.3,3,3,3
626.1,3,3,3
626.2,5,5,5
626.3,5,5,3
627.1,3,8,7
627.2,2,3,2
628.1,7,3,3
629.1,3,3,8
629.2,8,3,8
629.3,3,3,3
630.1,2,2,2
630.2,3,3,3
630.3,1,1,1
631.1,4,4,4
631.2,3,3,3
631.3,4,4,4
632.1,2,2,2
632.2,2,2,2
633.1,2,4,5
633.2,5,3,5
634.1,5,3,4
634.2,2,3,3
635.1,3,3,3
635.2,4,2,2
635.3,7,7,7
636.1,2,3,2
636.2,3,3,3
637.1,5,5,5
637.2,2,2,2
638.1,5,3,4
638.2,5,3,5
639.1,3,3,3
639.2,4,3,3
639.3,5,3,3
640.1,1,3,1
640.2,3,3,6
641.1,2,3,2
641.2,2,3,2
642.1,3,3,8
642.2,3,3,5
643.1,5,3,5
644.1,5,3,3
645.1,2,2,2
645.2,2,2,2
645.3,5,3,5
646.1,3,3,3
646.2,2,2,7
646.3,3,6,5
646.4,3,3,2
647.1,3,3,3
647.2,3,2,3
648.1,4,3,4
648.2,4,3,4
649.1,3,3,3
649.2,2,2,2
650.1,3,3,4
650.2,4,3,3
650.3,4,3,4
650.4,5,3,3
651.1,1,3,1
651.2,1,1,1
652.1,2,3,3
652.2,3,3,3
653.1,1,6,6
653.2,2,2,2
654.1,3,3,3
655.1,5,3,5
656.1,2,2,2
656.2,1,3,3
657.1,3,4,4
657.2,5,4,4
658.1,9,9,9
658.2,5,3,3
659.1,3,3,3
659.2,3,4,3
659.3,3,3,3
660.1,3,3,3
661.1,5,1,1
661.2,3,3,5
662.1,3,3,3
662.2,3,5,3
663.1,3,3,5
664.1,1,1,1
664.2,3,3,3
665.1,2,3,2
665.2,2,2,2
666.1,3,5,5
666.2,5,5,5
667.1,3,3,3
667.2,4,4,2
667.3,5,3,7
668.1,8,8,8
668.2,8,8,1
669.1,1,3,1
670.1,5,6,5
670.2,2,2,2
671.1,3,3,2
671.2,3,3,3
671.3,1,1,1
672.1,1,3,1
673.1,9,9,3
673.2,3,3,2
674.1,8,3,6
674.2,2,2,2
674.3,3,3,3
675.1,3,3,3
676.1,8,3,8
676.2,3,3,5
677.1,2,2,2
677.2,3,3,3
679.1,3,3,2
679.2,2,2,2
680.1,3,7,7
680.2,1,3,8
681.1,1,3,1
681.2,3,3,5
682.1,2,2,7
682.2,3,3,3
683.1,3,3,3
683.2,3,8,8
684.1,5,3,6
684.2,2,2,2
685.1,5,3,5
685.2,7,7,8
686.1,2,3,2
686.2,3,2,2
687.1,1,3,1
687.2,1,1,1
687.3,1,1,1
687.4,1,3,3
688.1,3,3,3
688.2,5,3,5
688.3,1,3,5
689.1,3,3,6
689.2,2,3,2
690.1,5,3,6
690.2,3,3,3
690.3,2,3,2
691.1,3,3,3
691.2,5,3,5
691.3,5,3,5
691.4,5,3,5
691.5,3,3,3
692.1,7,7,7
692.2,4,3,7
693.1,3,3,7
693.2,1,3,1
694.1,3,3,3
695.1,5,3,5
695.2,3,2,2
696.1,5,3,6
696.2,4,4,3
697.1,1,3,1
698.1,2,2,2
699.1,2,3,1
700.1,4,4,4
702.1,3,4,4
702.2,3,3,3
703.1,1,3,1
704.1,3,3,3
704.2,3,3,3
706.1,2,2,2
707.1,2,7,2
708.1,2,1,1
709.1,7,3,7
709.2,2,2,2
710.1,3,2,4
711.1,3,3,2
712.1,2,3,3
713.1,2,3,3
715.1,2,2,2
717.1,3,3,3
717.2,3,8,3
718.1,2,3,2
719.1,3,3,3
719.2,2,3,3
720.1,3,3,3
721.1,3,3,3
721.2,3,3,3
722.1,8,3,8
723.1,3,3,3
723.2,1,1,1
724.1,1,1,1
724.2,1,1,1
724.3,1,1,1
725.1,8,8,8
725.2,2,3,3
726.1,2,3,2
726.2,2,3,3
726.3,3,3,3
727.1,3,3,3
727.2,8,3,8
727.3,3,3,3
728.1,3,3,3
729.1,2,2,2
730.1,2,2,2
731.1,3,3,3
731.2,3,3,3
731.3,3,3,3
732.1,5,3,5
733.1,3,3,3
734.1,3,3,3
734.2,3,3,5
734.3,3,3,3
735.1,3,3,3
735.2,2,2,4
736.1,3,3,3
736.2,2,4,2
737.1,3,3,3
738.1,5,3,5
739.1,3,3,3
739.2,3,3,3
739.3,3,3,3
740.1,2,2,2
740.2,3,4,4
741.1,3,3,5
741.2,8,8,8
742.1,1,1,1
742.2,3,3,8
743.1,2,2,2
744.1,5,3,6
745.1,1,3,1
746.1,2,3,4
747.1,2,2,2
748.1,1,3,5
748.2,3,3,5
749.1,1,4,1
750.1,3,3,3
751.1,2,2,2
752.1,3,3,4
752.2,3,8,1
754.1,4,4,4
755.1,2,3,1
756.1,8,8,8
757.1,3,3,3
757.2,3,3,5
758.1,2,3,3
759.1,5,3,5
760.1,2,2,2
761.1,4,3,2
761.2,1,3,1
762.1,4,3,8
763.1,3,3,5
764.1,3,3,3
765.1,2,3,2
766.1,4,4,4
767.1,1,3,1
767.2,8,8,8
768.1,1,3,1
769.1,2,3,2
769.2,3,3,3
770.1,1,3,1
771.1,5,5,5
772.1,3,3,9
772.2,1,3,1
773.1,3,1,1
773.2,3,3,3
773.3,3,3,2
773.4,3,3,3
773.5,4,3,1
774.1,3,3,6
775.1,8,3,8
776.1,2,3,1
777.1,3,3,3
778.1,3,3,5
780.1,1,3,1
781.1,3,3,3
781.2,3,3,2
781.3,3,4,8
782.1,3,3,3
782.2,3,3,3
783.1,9,9,9
783.2,3,3,5
784.1,3,3,3
784.2,3,3,4
784.3,3,3,3
784.4,3,3,3
786.1,3,3,5
786.2,3,3,3
787.1,2,3,3
787.2,2,3,3
787.3,1,3,1
787.4,1,3,8
787.5,1,1,1
788.1,1,3,1
788.2,1,3,1
788.3,1,3,1
789.1,3,3,3
789.2,3,3,5
789.3,3,3,6
790.1,5,3,3
790.2,3,1,1
791.1,3,3,6
791.2,3,3,5
792.1,3,3,3
792.2,8,3,8
793.1,5,3,5
793.2,5,3,5
793.3,3,3,5
794.1,2,7,2
794.2,7,7,3
795.1,3,3,3
797.1,3,3,3
797.2,3,3,3
798.1,3,3,5
798.2,5,3,6
798.3,2,2,2
799.1,3,3,2
799.2,3,3,3
799.3,3,3,3
800.1,3,3,3
800.2,3,3,3
801.1,1,3,1
801.2,1,3,1
801.3,1,3,1
802.1,2,3,6
802.2,3,3,6
803.1,8,8,5
803.2,1,8,1
804.1,2,3,2
804.2,5,3,5
805.1,2,3,8
806.1,2,2,2
806.2,3,9,5
807.1,3,3,3
808.1,2,4,2
808.2,8,3,5
809.1,3,3,6
809.2,5,6,5
810.1,3,3,5
810.2,7,3,2
811.1,3,3,5
811.2,3,3,3
812.1,5,3,5
813.1,3,3,4
813.2,3,3,4
814.1,5,5,5
814.2,2,3,4
815.1,2,5,5
815.2,5,5,5
816.1,2,2,2
816.2,3,3,6
817.1,3,6,3
817.2,3,3,3
817.3,2,2,2
817.4,2,3,5
818.1,1,3,3
819.1,2,3,2
819.2,2,3,3
819.3,5,3,6
819.4,3,3,6
820.1,2,2,2
820.2,5,5,5
821.1,1,8,1
821.2,2,1,2
822.1,3,3,1
822.2,8,3,8
822.3,8,3,5
823.1,2,3,3
824.1,8,6,5
824.2,3,3,3
825.1,8,6,6
825.2,2,8,8
826.1,3,3,3
828.1,2,4,2
829.1,3,3,3
829.2,2,2,2
830.1,2,3,1
830.2,3,3,3
831.1,3,3,3
831.2,2,7,7
832.1,2,3,5
832.2,1,1,1
833.1,3,3,2
833.2,5,3,3
833.3,3,3,8
834.1,3,3,6
835.1,3,3,3
836.1,2,3,3
836.2,3,3,3
837.1,2,5,5
837.2,3,3,1
838.1,2,2,2
838.2,8,3,5
839.1,2,2,2
840.1,2,2,2
840.2,3,3,3
840.3,2,5,5
841.1,3,5,3
841.2,5,3,5
841.3,2,3,2
842.1,3,3,9
842.2,9,3,9
843.1,3,3,5
843.2,5,5,5
844.1,2,7,2
844.2,5,6,5
844.3,3,3,7
845.1,2,2,2
845.2,3,2,2
845.3,3,3,2
846.1,2,2,2
846.2,2,2,2
847.1,2,2,2
847.2,8,8,8
847.3,3,3,3
848.1,3,3,3
848.2,3,3,3
848.3,3,3,5
849.1,3,3,5
850.1,3,3,1
850.2,3,3,5
851.1,5,6,1
851.2,3,3,6
851.3,1,1,1
853.1,2,2,2
853.2,3,3,3
854.1,5,5,5
854.2,3,3,1
855.1,3,3,5
857.1,3,3,3
857.2,3,6,5
857.3,4,4,2
858.1,2,2,2
858.2,7,3,7
859.1,3,6,5
859.2,3,3,3
859.3,3,3,3
860.1,5,5,5
860.2,2,2,3
860.3,3,3,2
861.1,8,3,5
861.2,8,8,6
862.1,3,3,5
863.1,5,6,6
864.1,3,8,8
864.2,2,2,3
865.1,5,3,5
865.2,5,6,5
866.1,5,3,4
866.2,3,8,3
867.1,8,3,3
867.2,3,6,6
868.1,4,4,3
868.2,3,3,5
869.1,3,3,3
869.2,3,3,3
869.3,2,3,2
869.4,3,3,2
870.1,3,2,2
870.2,3,8,6
871.1,3,3,3
871.2,5,3,5
871.3,6,5,6
872.1,2,3,2
872.2,8,3,5
872.3,3,3,3
872.4,1,3,1
873.1,3,3,6
873.2,3,3,3
873.3,2,2,2
874.1,5,3,6
874.2,3,3,3
875.1,3,3,5
875.2,3,5,2
876.1,3,7,7
876.2,7,7,6
877.1,2,3,3
877.2,1,3,4
877.3,3,3,5
878.1,2,3,3
878.2,3,3,2
878.3,2,2,2
879.1,3,3,1
879.2,3,3,5
879.3,1,1,1
880.1,2,8,8
880.2,3,3,3
880.3,3,3,5
881.1,3,3,5
881.2,5,3,6
882.1,8,3,1
882.2,3,3,5
883.1,3,3,3
884.1,2,4,4
884.2,1,1,1
884.3,2,2,2
884.4,3,6,5
885.1,5,6,5
885.2,5,6,6
886.1,3,3,3
886.2,5,6,2
886.3,3,3,3
887.1,3,3,8
887.2,2,3,1
889.1,3,3,5
890.1,3,9,3
890.2,3,3,3
891.1,9,3,5
891.2,2,2,2
892.1,2,2,2
892.2,3,3,8
893.1,2,4,2
893.2,4,3,9
893.3,3,3,4
894.1,3,7,3
894.2,2,8,2
894.3,3,3,5
895.1,3,3,3
895.2,3,3,3
895.3,3,3,3
895.4,2,3,4
895.5,1,3,1
896.1,2,3,2
896.2,2,3,5
897.1,3,4,3
897.2,8,4,3
897.3,5,3,5
898.1,3,3,2
898.2,3,3,5
898.3,3,2,5
899.1,2,1,1
899.2,2,3,5
900.1,2,2,2
900.2,9,3,9
901.1,2,2,2
901.2,2,3,5
902.1,3,3,3
902.2,3,3,3
902.3,3,3,5
902.4,2,2,2
902.5,3,3,3
903.1,3,3,3
903.2,2,3,2
903.3,3,3,6
904.1,2,2,2
905.1,3,3,3
905.2,3,3,3
905.3,2,3,2
906.1,3,3,8
906.2,8,3,6
907.1,3,3,1
907.2,5,3,1
908.1,3,3,4
908.2,5,6,3
909.1,1,3,1
909.2,1,1,1
910.1,3,3,8
910.2,3,8,8
910.3,3,3,3
910.4,3,3,5
911.1,2,2,2
911.2,5,3,5
912.1,3,3,3
912.2,5,3,5
912.3,5,3,6
913.1,3,3,2
913.2,5,6,5
914.1,5,6,6
914.2,3,3,1
915.1,2,3,2
915.2,3,3,6
916.1,3,3,4
916.2,5,6,5
916.3,3,3,3
917.1,3,3,3
917.2,3,6,6
918.1,5,3,5
918.2,5,6,5
919.1,3,3,6
919.2,3,3,6
919.3,2,2,2
919.4,3,3,3
920.1,2,2,2
920.2,5,6,6
920.3,4,3,3
921.1,5,2,2
921.2,3,3,3
921.3,2,2,2
921.4,2,2,2
922.1,3,3,3
922.2,3,3,3
922.3,8,8,8
923.1,3,3,3
923.2,5,5,6
924.1,3,3,5
924.2,3,3,2
924.3,2,3,2
925.1,1,3,5
925.2,1,1,1
926.1,5,5,5
926.2,2,3,3
927.1,3,7,7
927.2,2,2,2
927.3,7,3,2
928.1,1,3,1
928.2,1,3,1
928.3,3,3,3
929.1,5,6,5
929.2,3,3,3
930.1,5,3,5
930.2,8,3,8
931.1,5,5,5
931.2,1,1,1
932.1,6,3,6
933.1,3,3,6
933.2,5,6,5
933.3,3,3,4
933.4,2,6,5
934.1,3,3,6
934.2,5,6,6
934.3,2,6,5
935.1,5,3,3
935.2,5,6,5
935.3,2,2,2
936.1,4,4,3
936.2,5,6,3
936.3,8,2,8
937.1,3,3,3
937.2,3,3,3
937.3,5,3,5
937.4,3,3,3
937.5,1,3,1
938.1,5,6,5
938.2,3,3,3
938.3,5,6,6
938.4,3,3,3
938.5,3,3,2
939.1,3,3,6
939.2,3,3,3
940.1,3,3,2
940.2,5,3,5
941.1,5,3,5
941.2,2,3,5
942.1,2,2,2
942.2,2,2,2
942.3,2,2,2
943.1,5,5,5
943.2,7,3,3
944.1,7,3,3
944.2,7,3,7
944.3,7,3,7
944.4,2,3,3
944.5,3,3,3
945.1,3,3,3
945.2,3,3,3
945.3,4,3,1
945.4,2,2,3
945.5,1,5,1
946.1,4,4,2
946.2,4,2,2
946.3,5,6,5
947.1,3,4,4
947.2,3,4,3
947.3,5,6,6
948.1,3,3,3
948.2,4,3,2
948.3,3,3,3
949.1,1,1,1
949.2,2,3,2
950.1,8,8,8
950.2,1,3,1
951.1,5,3,3
951.2,2,3,5
952.1,2,2,2
953.1,1,3,1
953.2,3,1,1
954.1,1,3,1
954.2,2,3,2
955.1,3,3,8
955.2,3,3,1
956.1,3,3,8
956.2,3,3,3
957.1,3,3,3
957.2,3,3,3
957.3,3,3,2
958.1,2,2,2
958.2,5,3,6
959.1,1,3,1
959.2,5,3,5
960.1,3,3,5
960.2,1,3,1
961.1,3,3,3
961.2,3,3,3
962.1,3,3,3
962.2,3,3,3
962.3,2,2,3
962.4,3,3,3
962.5,3,3,3
964.1,2,2,2
964.2,1,3,1
964.3,3,3,3
964.4,7,4,4
964.5,5,3,7
965.1,4,3,3
965.2,4,4,9
965.3,4,3,3
965.4,3,3,2
966.1,8,3,3
966.2,3,3,3
966.3,5,3,5
967.1,3,3,3
967.2,2,2,2
967.3,3,3,3
968.1,3,3,3
968.2,3,3,8
968.3,3,3,6
969.1,2,1,1
969.2,2,2,2
970.1,4,3,3
970.2,1,3,1
970.3,5,3,6
971.1,1,3,1
971.2,1,3,1
972.1,4,3,2
972.2,3,3,5
973.1,5,3,5
973.2,1,3,1
974.1,3,3,5
974.2,1,3,1
975.1,3,3,1
976.1,2,3,1
976.2,3,3,8
976.3,3,3,4
977.1,3,3,6
977.2,2,2,2
978.1,1,3,1
978.2,5,3,5
979.1,1,3,1
979.2,3,3,1
980.1,3,3,5
980.2,2,2,2
981.1,3,3,3
981.2,3,3,3
981.3,3,3,1
981.4,2,3,8
982.1,2,2,2
983.1,7,4,4
983.2,3,3,6
984.1,3,3,2
984.2,5,3,5
985.1,3,3,8
985.2,4,3,2
986.1,4,4,4
986.2,4,4,4
986.3,3,3,5
987.1,3,3,3
987.2,3,3,5
987.3,3,3,3
988.1,1,3,2
988.2,2,3,2
989.1,3,3,2
989.2,8,8,8
989.3,3,3,8
990.1,3,3,3
990.2,3,3,4
990.3,3,3,3
990.4,3,3,3
991.1,7,7,7
992.1,5,6,5
992.2,2,2,2
994.1,3,3,5
994.2,3,3,2
995.1,5,5,5
995.2,5,3,2
995.3,5,5,5
996.1,3,3,2
996.2,2,2,2
996.3,3,3,2
997.1,2,2,2
998.1,3,5,3
998.2,1,3,1
999.1,7,7,1
999.2,1,3,1
999.3,3,3,3
999.4,3,5,5
1000.1,3,3,3
1000.2,2,2,2
1001.1,3,3,3
1001.2,2,3,3
1001.3,3,3,5
1002.1,5,3,3
1002.2,5,3,5
1003.1,8,8,8
1003.2,8,8,8
1004.1,3,3,5
1004.2,1,3,1
1005.1,2,3,3
1005.2,3,4,6
1005.3,3,3,6
1006.1,5,3,6
1006.2,2,4,2
1007.1,3,2,2
1007.2,2,2,2
1008.1,3,3,5
1009.1,1,3,1
1009.2,3,3,3
1010.1,1,3,1
1010.2,1,2,1
1011.1,2,2,2
1011.2,3,3,9
1012.1,3,3,2
1012.2,5,6,5
1013.1,8,8,8
1013.2,3,3,3
1014.1,2,3,2
1015.1,5,3,5
1015.2,1,3,1
1015.3,3,3,3
1015.4,1,1,1
1016.1,3,3,9
1016.2,5,5,5
1017.1,5,3,5
1017.2,3,3,3
1018.1,4,4,4
1018.2,5,3,5
1019.1,2,3,3
1019.2,5,3,6
1021.1,3,3,1
1021.2,3,3,2
1023.1,1,1,1
1023.2,3,3,3
1024.1,5,3,5
1024.2,5,3,3
1025.1,3,3,3
1026.1,5,3,6
1026.2,3,3,1
1027.1,3,3,3
1027.2,3,3,3
1027.3,3,3,3
1027.4,3,3,3
1027.5,5,3,5
1028.1,3,3,3
1028.2,3,3,3
1028.3,3,3,3
1028.4,3,3,3
1028.5,3,3,3
1028.6,2,3,5
1028.7,3,3,3
1028.8,3,3,3
1029.1,1,3,1
1029.2,3,3,7
1030.1,5,5,5
1030.2,5,5,5
1031.1,3,3,3
1031.2,3,3,3
1031.3,3,3,3
1031.4,3,3,3
1031.5,3,3,3
1032.1,3,3,5
1032.2,8,8,8
1033.1,5,6,5
1034.1,3,3,5
1034.2,4,4,4
1035.1,1,3,7
1035.2,3,3,3
1036.1,3,3,5
1036.2,1,3,1
1037.1,1,3,5
1037.2,3,3,6
1038.1,3,3,3
1038.2,3,7,2
1038.3,3,3,6
1038.4,3,5,5
1039.1,2,3,3
1039.2,2,3,2
1040.1,3,3,5
1040.2,1,3,1
1041.1,5,5,5
1041.2,5,3,5
1041.3,5,3,5
1042.1,3,3,4
1042.2,5,5,5
1042.3,3,9,9
1043.1,3,3,3
1043.2,3,3,3
1043.3,3,3,3
1043.4,3,3,3
1043.5,3,3,3
1043.6,3,3,3
1044.1,5,5,5
1044.2,2,2,2
1045.1,3,3,3
1045.2,5,5,3
1046.1,1,3,1
1046.2,5,3,6
1047.1,1,3,3
1047.2,5,3,5
1048.1,8,3,3
1048.2,8,8,8
1049.1,1,3,1
1049.2,5,5,5
1050.1,3,3,3
1050.2,3,3,3
1050.3,3,3,3
1051.1,3,3,3
1052.1,6,6,6
1052.2,3,3,3
1052.3,3,3,2
1052.4,3,3,5
1053.1,3,3,5
1053.2,2,3,3
1053.3,5,5,5
1054.1,3,5,1
1054.2,5,5,5
1054.3,5,5,5
1054.4,3,3,3
1054.5,5,5,5
1055.1,2,3,4
1055.2,5,3,3
1056.1,1,3,8
1056.2,3,3,3
1057.1,2,2,2
1057.2,3,3,3
1058.1,5,5,5
1058.2,1,3,1
1059.1,5,3,5
1059.2,2,3,3
1060.1,2,3,3
1060.2,3,3,3
1061.1,6,6,6
1062.1,3,3,3
1062.2,2,2,2
1063.1,3,3,4
1063.2,3,3,3
1063.3,3,3,3
1064.1,3,8,3
1064.2,5,3,3
1064.3,3,3,3
1064.4,3,3,3
1065.1,2,3,3
1066.1,3,3,3
1066.2,2,3,2
1067.1,5,5,6
1067.2,3,4,3
1068.1,2,2,2
1069.1,5,3,3
1069.2,1,3,1
1070.1,5,6,5
1070.2,2,4,3
1071.1,5,3,3
1071.2,5,3,3
1071.3,5,5,3
1072.1,1,4,3
1072.2,7,4,3
1073.1,3,3,5
1073.2,3,3,3
1073.3,2,4,2
1073.4,3,3,3
1074.1,3,3,3
1074.2,3,3,8
1075.1,1,3,1
1076.1,3,3,6
1076.2,1,3,1
1077.1,1,3,7
1078.1,5,3,6
1078.2,4,4,4
1079.1,3,3,3
1079.2,1,3,2
1080.1,2,3,3
1080.2,2,3,2
1080.3,2,3,2
1080.4,2,3,2
1081.1,3,3,3
1081.2,1,1,1
1082.1,2,3,2
1083.1,1,7,1
1083.2,5,5,5
1084.1,1,3,1
1085.1,1,3,3
1086.1,3,3,3
1086.2,5,5,5
1087.1,5,3,5
1088.1,2,2,2
1089.1,1,3,1
1090.1,3,3,4
1091.1,3,3,8
1092.1,3,3,1
1092.2,3,3,3
1093.1,3,3,3
1093.2,3,3,3
1094.1,3,3,2
1094.2,3,3,3
1095.1,2,3,3
1096.1,3,3,3
1096.2,3,3,5
1096.3,7,3,7
1097.1,1,1,1
1098.1,3,3,3
1098.2,3,3,3
1099.1,5,5,3
1099.2,3,3,3
1099.3,1,3,1
1100.1,2,2,2
1101.1,1,3,3
1101.2,3,3,3
1102.1,2,2,2
1102.2,1,3,1
1102.3,3,9,9
1103.1,3,3,4
1104.1,1,3,1
1105.1,5,3,3
1105.2,2,3,2
1106.1,1,8,8
1107.1,3,8,3
1108.1,3,3,3
1108.2,3,3,3
1108.3,2,3,2
1110.1,5,5,5
1111.1,3,3,3
1111.2,3,3,3
1111.3,1,3,1
1111.4,3,3,3
1113.1,1,1,1
1114.1,2,2,2
1114.2,9,9,9
1115.1,3,3,2
1116.1,5,6,5
1116.2,5,6,5
1117.1,3,3,3
1118.1,4,4,3
1120.1,5,6,6
1120.2,5,6,6
1120.3,1,3,1
1123.1,3,5,3
1123.2,3,3,6
1124.1,3,3,3
1127.1,4,4,4
1128.1,8,8,8
1129.1,3,3,3
1129.2,3,3,3
1129.3,8,3,8
1130.1,2,3,2
1130.2,3,3,3
1131.1,1,3,1
1132.1,3,3,3
1133.1,2,3,4
1134.1,2,3,4
1135.1,1,3,5
1136.1,3,3,3
1138.1,3,8,8
1139.1,3,3,3
1140.1,2,3,2
1141.1,1,3,1
1142.1,1,3,9
1143.1,4,4,4
1143.2,2,3,2
1144.1,2,2,2
1145.1,1,1,1
1146.1,3,3,3
1147.1,5,3,5
1147.2,3,3,3
1148.1,2,3,2
1149.1,2,2,2
1150.1,2,8,8
1150.2,5,3,3
1151.1,7,4,3
1151.2,3,4,3
1152.1,2,3,3
1153.1,2,2,2
1154.1,2,2,2
1155.1,2,3,3
1157.1,2,2,2
1158.1,3,3,3
1158.2,1,3,1
1158.3,3,3,3
1159.1,1,1,1
1160.1,3,3,5
1161.1,3,3,1
1162.1,4,4,3
1162.2,3,4,3
1163.1,2,3,8
1164.1,1,3,2
1165.1,3,3,3
1165.2,3,3,3
1166.1,3,3,6
1166.2,1,3,1
1167.1,1,3,1
1168.1,1,3,2
1169.1,2,3,2
1169.2,3,3,3
1169.3,5,3,6
1170.1,5,5,5
1170.2,3,3,3
1170.3,3,3,3
1171.1,3,3,3
1172.1,3,3,3
1172.2,3,3,3
1173.1,1,3,1
1173.2,3,3,3
1174.1,2,2,2
1175.1,3,3,3
1175.2,3,3,3
1176.1,3,8,3
1177.1,1,3,1
1178.1,3,3,4
1178.2,4,4,3
1179.1,1,1,1
1179.2,2,3,3
1179.3,8,1,1
1180.1,3,3,3
1181.1,3,3,3
1182.1,3,3,3
1182.2,3,3,3
1182.3,2,2,2
1182.4,1,3,1
1183.1,2,3,2
1183.2,2,2,2
1184.1,1,1,1
1184.2,1,1,1
1184.3,1,1,1
1185.1,3,4,3
1185.2,4,3,4
1186.1,3,3,2
1187.1,3,3,3
1188.1,2,7,7
1189.1,2,2,2
1189.2,1,2,2
1190.1,2,3,2
1191.1,3,3,3
1191.2,3,3,9
1191.3,2,3,4
1194.1,3,3,3
1194.2,3,3,3
1195.1,3,3,3
1195.2,3,3,3
1195.3,3,3,3
1195.4,3,3,2
1196.1,2,2,2
1197.1,5,3,5
1197.2,1,3,2
1198.1,2,3,3
1198.2,1,3,3
1198.3,3,3,5
1199.1,3,3,8
1199.2,4,3,8
1200.1,1,3,1
1201.1,1,1,7
1202.1,1,1,1
1203.1,3,3,3
1203.2,2,2,2
1204.1,3,3,3
1204.2,2,3,6
1212.1,3,3,3
1213.1,1,3,1
1214.1,3,3,3
1214.2,3,3,3
1215.1,2,2,2
1216.1,3,3,3
1217.1,2,3,2
1219.1,1,1,1
1220.1,2,3,2
1220.2,3,3,3
1221.1,5,5,5
1222.1,3,3,3
1223.1,2,2,2
1224.1,5,3,5
1225.1,3,3,1
1226.1,3,3,2
1227.1,8,8,8
1228.1,3,3,3
1228.2,3,3,3
1229.1,3,3,3
1230.1,1,4,3
1231.1,3,7,7
1231.2,2,2,2
1231.3,2,2,2
1232.1,3,3,3
1233.1,1,3,3
1234.1,2,3,5
1235.1,1,3,1
1236.1,3,3,3
1236.2,3,3,4
1236.3,2,2,2
1237.1,3,3,3
1237.2,3,3,3
1238.1,3,3,3
1239.1,3,3,3
1239.2,3,3,3
1239.3,3,3,3
1240.1,2,3,3
1241.1,1,3,9
1242.1,5,3,5
1243.1,4,4,4
1245.1,1,1,1
1246.1,3,3,3
1246.2,2,2,2
1247.1,8,3,8
1248.1,3,3,3
1248.2,3,3,3
1249.1,2,3,3
1250.1,3,3,3
1250.2,5,4,5
1251.1,5,3,7
1252.1,3,3,3
1252.2,3,3,3
1252.3,3,3,3
1252.4,3,3,3
1252.5,3,3,3
1253.1,3,3,3
1254.1,1,2,2
1255.1,2,2,3
1256.1,1,1,1
1257.1,2,3,3
1258.1,3,3,3
1258.2,3,3,3
1258.3,2,3,9
1259.1,3,3,3
1260.1,3,3,3
1261.1,3,3,3
1261.2,3,8,5
1262.1,3,3,3
1262.2,4,3,3
1263.1,5,5,5
1263.2,1,1,1
1264.1,1,2,1
1265.1,3,3,4
1265.2,3,3,3
1266.1,1,3,8
1267.1,3,3,4
1267.2,3,3,4
1267.3,3,3,3
1268.1,3,3,4
1268.2,2,2,2
1269.1,3,3,3
1270.1,1,3,3
1271.1,5,5,5
1271.2,3,3,6
1272.1,1,3,1
1273.1,3,3,3
1274.1,2,3,3
1275.1,3,3,3
1276.1,3,3,1
1276.2,1,1,1
1277.1,3,3,7
1277.2,1,3,1
1278.1,4,4,4
1278.2,3,3,3
1279.1,1,7,7
1280.1,5,3,9
1281.1,1,3,8
1282.1,1,1,1
1283.1,1,3,1
1284.1,1,3,3
1285.1,1,3,1
1286.1,8,3,8
1288.1,2,3,8
1289.1,2,3,6
1290.1,8,8,8
1290.2,3,3,3
1291.1,3,3,3
1292.1,9,3,3
1292.2,1,3,1
1293.1,3,8,3
1294.1,2,2,3
1295.1,1,3,3
1296.1,1,1,1
1297.1,1,3,1
1298.1,2,2,3
1299.1,3,3,2
1300.1,3,3,3
1301.1,1,3,3
1302.1,1,3,1
1303.1,3,3,8
1305.1,2,2,2
1306.1,3,3,3
1306.2,3,3,3
1307.1,1,3,2
1308.1,2,4,3
1309.1,2,2,3
1310.1,8,8,5
1310.2,7,3,3
1311.1,2,3,3
1312.1,4,4,6
1312.2,3,3,3
1313.1,3,3,3
1314.1,2,2,2
1315.1,1,3,4
1316.1,3,3,3
1316.2,3,3,3
1317.1,5,6,5
1317.2,3,3,3
1317.3,2,3,3
1318.1,3,3,3
1318.2,3,3,3
1319.1,2,3,2
1319.2,2,3,1
1322.1,3,3,3
1322.2,3,3,3
1322.3,3,3,3
1323.1,3,3,5
1324.1,2,3,1
1325.1,5,4,4
1326.1,8,8,8
1327.1,2,2,2
1328.1,3,3,8
1329.1,1,1,1
1330.1,1,3,1
1330.2,1,1,1
1331.1,4,4,4
1332.1,5,5,5
1332.2,3,3,3
1333.1,3,3,3
1333.2,3,3,1
1334.1,5,5,5
1335.1,1,3,4
1336.1,2,2,7
1337.1,3,3,3
1337.2,8,3,8
1338.1,5,5,2
1339.1,3,3,3
1339.2,3,3,3
1339.3,3,3,3
1339.4,3,3,3
1340.1,8,3,3
1341.1,1,3,1
1341.2,1,3,1
1342.1,2,3,2
1343.1,3,3,3
1343.2,1,3,2
1344.1,6,3,5
1344.2,6,3,5
1344.3,6,3,5
1344.4,1,3,2
1345.1,1,3,1
1346.1,3,3,3
1347.1,3,3,3
1348.1,1,3,1
1349.1,1,3,3
1349.2,3,3,3
1350.1,1,3,7
1352.1,3,7,9
1355.1,3,3,3
1356.1,5,3,5
1356.2,5,3,3
1356.3,7,4,7
1357.1,3,3,3
1357.2,1,3,3
1358.1,2,5,5
1359.1,3,3,3
1359.2,3,3,3
1359.3,3,3,3
1359.4,3,3,3
1359.5,3,3,3
1359.6,8,8,3
1360.1,1,3,3
1361.1,3,3,4
1362.1,8,3,3
1362.2,2,2,2
1363.1,3,3,3
1364.1,1,1,1
1365.1,3,3,3
1365.2,1,3,1
1366.1,3,3,3
1366.2,2,3,2
1367.1,5,3,3
1368.1,5,3,5
1368.2,5,5,5
1369.1,3,3,3
1372.1,3,3,3
1373.1,4,4,4
1374.1,3,3,2
1375.1,3,3,3
1376.1,2,2,2
1377.1,3,3,3
1377.2,5,3,5
1378.1,1,3,8
1379.1,2,3,4
1380.1,1,3,1
1381.1,3,3,3
1382.1,2,3,1
1382.2,2,2,2
1383.1,4,3,2
1384.1,2,2,2
1385.1,5,5,3
1388.1,2,2,2
1389.1,5,3,5
1389.2,2,2,2
1390.1,4,3,3
1391.1,3,3,3
1392.1,1,3,1
1393.1,3,3,8
1394.1,3,3,3
1394.2,3,3,3
1395.1,3,3,2
1395.2,3,3,3
1397.1,3,3,3
1399.1,2,2,2
1399.2,3,3,7
1400.1,1,3,1
1401.1,1,3,1
1402.1,3,3,3
1402.2,3,3,3
1402.3,1,3,3
1403.1,3,3,3
1403.2,3,3,3
1403.3,3,3,3
1403.4,3,3,3
1403.5,3,3,3
1403.6,2,3,2
1404.1,4,3,2
1405.1,3,3,8
1407.1,1,3,1
1408.1,2,3,5
1409.1,3,3,3
1411.1,9,3,9
1412.1,3,3,3
1412.2,3,3,3
1412.3,3,3,3
1412.4,3,3,3
1412.5,3,3,3
1412.6,3,3,3
1412.7,3,3,3
1412.8,2,4,2
1413.1,3,3,8
1413.2,8,8,8
1413.3,3,3,3
1414.1,3,3,8
1415.1,3,3,3
1416.1,3,3,3
1417.1,3,1,3
1417.2,1,1,1
1418.1,5,5,5
1420.1,4,4,1
1420.2,4,4,1
1420.3,4,4,1
1421.1,5,5,5
1421.2,5,5,5
1421.3,5,5,5
1422.1,2,3,3
1423.1,1,1,3
1423.2,1,1,1
1424.1,4,4,4
1424.2,4,3,3
1425.1,2,2,2
1426.1,3,3,3
1427.1,2,2,2
1428.1,2,3,3
1429.1,3,3,8
1430.1,2,3,4
1431.1,2,2,2
1432.1,2,3,7
1434.1,5,3,3
1434.2,3,3,3
1436.1,8,3,8
1437.1,3,3,3
1437.2,2,2,2
1438.1,3,3,8
1438.2,3,3,3
1439.1,3,3,3
1439.2,2,2,2
1439.3,3,3,3
1440.1,8,3,2
1440.2,8,8,3
1441.1,5,3,5
1442.1,1,3,1
1443.1,3,3,3
1444.1,1,3,1
1444.2,1,3,3
1445.1,3,3,3
1445.2,3,3,3
1445.3,3,3,8
1446.1,3,3,3
1446.2,2,3,3
1447.1,2,2,2
1448.1,3,3,3
1448.2,3,3,5
1449.1,2,2,8
1450.1,3,3,7
1450.2,1,3,1
1451.1,2,2,2
1452.1,2,2,2
1453.1,3,3,8
1454.1,3,3,3
1455.1,3,3,3
1455.2,3,3,3
1456.1,3,3,3
1456.2,3,3,3
1457.1,1,3,1
1458.1,1,3,1
1459.1,2,2,2
1460.1,2,4,2
1461.1,1,3,5
1462.1,3,3,3
1463.1,3,3,3
1463.2,3,3,3
1466.1,2,2,2
1466.2,3,3,3
1466.3,3,3,3
1466.4,3,3,3
1468.1,1,3,1
1469.1,2,3,2
1470.1,4,3,5
1471.1,3,3,5
1472.1,3,3,3
1472.2,3,3,3
1472.3,4,4,3
1473.1,3,8,5
1475.1,8,8,8
1476.1,8,8,3
1478.1,2,2,2
1479.1,2,2,2
1480.1,1,3,1
1481.1,1,1,1
1482.1,1,3,1
1483.1,2,3,2
1483.2,2,3,2
1483.3,1,3,1
1484.1,1,3,1
1485.1,8,8,8
1486.1,3,3,3
1486.2,3,3,3
1486.3,4,4,4
1486.4,2,3,1
1487.1,8,8,8
1487.2,1,3,1
1488.1,2,2,2
1489.1,3,3,3
1489.2,2,3,2
1490.1,1,3,1
1491.1,8,8,8
1492.1,9,9,3
1492.2,3,3,9
1493.1,8,8,2
1494.1,2,3,3
1495.1,2,3,8
1496.1,2,3,2
1497.1,3,3,3
1497.2,3,3,3
1498.1,3,3,4
1498.2,5,5,5
1499.1,1,3,5
1500.1,2,2,2
1501.1,8,3,8
1502.1,1,3,9
1503.1,2,3,8
1503.2,3,3,8
1504.1,5,3,5
1505.1,2,3,2
1506.1,3,3,3
1506.2,2,2,2
1508.1,1,1,1
1509.1,9,3,9
1509.2,9,3,9
1509.3,7,3,9
1509.4,3,3,3
1509.5,7,3,9
1510.1,8,3,8
1511.1,3,3,3
1511.2,3,3,3
1512.1,2,3,2
1512.2,3,3,3
1512.3,3,3,3
1514.1,2,2,3
1515.1,2,2,2
1516.1,3,3,4
1517.1,5,3,5
1518.1,8,8,3
1519.1,3,3,3
1519.2,3,3,3
1519.3,3,3,6
1519.4,5,3,3
1519.5,3,3,3
1519.6,2,3,3
1520.1,1,3,1
1521.1,2,2,4
1522.1,3,3,3
1522.2,8,3,8
1523.1,3,3,3
1523.2,4,3,3
1524.1,2,2,2
1525.1,2,2,2
1526.1,8,8,3
1526.2,3,3,4
1527.1,2,2,2
1528.1,3,3,3
1528.2,4,4,4
1529.1,2,2,2
1530.1,2,2,2
1531.1,3,3,3
1532.1,1,3,1
1533.1,2,2,2
1534.1,8,8,5
1534.2,3,3,3
1535.1,2,3,2
1536.1,4,3,4
1537.1,3,3,1
1538.1,5,3,5
1540.1,8,3,8
1541.1,3,3,5
1541.2,5,3,5
1541.3,3,3,5
1541.4,5,3,5
1542.1,3,3,3
1542.2,3,3,3
1543.1,2,2,2
1543.2,2,3,2
1544.1,2,3,2
1545.1,3,3,2
1545.2,7,3,3
1545.3,3,3,3
1545.4,3,3,4
1546.1,3,3,4
1547.1,8,3,5
1547.2,1,1,2
1549.1,3,3,3
1550.1,5,5,3
1550.2,5,5,5
1552.1,2,2,2
1553.1,3,3,3
1554.1,1,1,1
1554.2,3,3,3
1555.1,2,2,2
1555.2,2,2,2
1555.3,2,2,2
1556.1,3,3,3
1556.2,2,3,3
1556.3,8,8,5
1556.4,3,3,3
1557.1,3,3,9
1557.2,9,3,3
1557.3,4,3,2
1558.1,9,9,3
1559.1,8,3,3
1560.1,6,3,6
1561.1,3,3,3
1561.2,4,4,4
1562.1,1,3,1
1562.2,1,1,3
1563.1,7,3,5
1564.1,1,3,1
1565.1,8,8,3
1567.1,2,2,2
1568.1,3,3,3
1568.2,3,3,3
1568.3,1,1,1
1569.1,1,3,8
1571.1,3,3,1
1571.2,3,3,3
1572.1,3,3,3
1572.2,3,3,3
1573.1,3,3,3
1573.2,3,3,3
1573.3,3,3,3
1574.1,3,3,3
1574.2,3,3,3
1574.3,5,8,5
1575.1,2,3,3
1576.1,3,3,3
1577.1,3,3,3
1578.1,2,3,4
1579.1,3,3,8
1579.2,8,8,8
1580.1,3,3,3
1581.1,5,5,5
1582.1,2,3,4
1584.1,1,3,1
1585.1,3,8,8
1586.1,1,3,1
1589.1,3,3,3
1589.2,8,8,3
1590.1,2,2,2
1590.2,3,3,3
1590.3,3,3,3
1590.4,3,3,3
1590.5,3,3,3
1590.6,3,3,3
1591.1,2,2,2
1592.1,3,3,3
1592.2,3,3,3
1592.3,3,3,4
1592.4,3,3,3
1592.5,3,3,3
1592.6,3,3,3
1593.1,5,5,5
1594.1,3,3,3
1594.2,3,3,3
1594.3,3,3,3
1594.4,5,5,5
1594.5,3,3,4
1595.1,2,3,2
1596.1,4,3,4
1597.1,3,3,3
1597.2,4,3,3
1598.1,3,3,3
1598.2,3,3,3
1599.1,3,3,3
1599.2,4,3,3
1599.3,3,3,3
1600.1,1,1,1
1601.1,8,3,8
1602.1,2,2,2
1602.2,3,3,3
1603.1,1,3,1
1603.2,2,2,2
1604.1,2,9,3
1604.2,9,3,3
1604.3,2,3,2
1605.1,8,3,3
1606.1,3,3,3
1607.1,3,3,5
1608.1,5,3,5
1609.1,8,3,3
1609.2,1,7,1
1610.1,8,3,7
1611.1,1,1,1
1612.1,1,3,2
1613.1,9,9,9
1613.2,2,3,2
1614.1,1,3,5
1615.1,3,3,3
1615.2,3,3,1
1616.1,2,2,3
1617.1,5,5,5
1617.2,5,5,5
1617.3,3,3,3
1618.1,3,3,3
1619.1,3,3,3
1619.2,3,3,3
1620.1,3,3,3
1620.2,8,8,1
1621.1,3,5,5
1622.1,3,3,2
1623.1,3,3,3
1623.2,3,3,3
1623.3,3,8,3
1624.1,8,3,3
1625.1,3,3,3
1625.2,3,3,3
1625.3,6,6,3
1626.1,2,2,2
1627.1,2,3,2
1628.1,1,3,3
1628.2,1,3,3
1630.1,3,3,3
1630.2,3,3,3
1630.3,3,3,3
1630.4,3,3,3
1630.5,8,8,5
1631.1,2,5,5
1632.1,2,2,2
1633.1,2,2,2
1634.1,8,3,3
1635.1,3,3,6
1636.1,4,2,3
1637.1,2,3,2
1638.1,3,3,3
1639.1,3,3,3
1640.1,8,8,8
1641.1,3,3,3
1641.2,3,3,3
1643.1,3,3,3
1643.2,3,3,3
1644.1,2,3,2
1645.1,2,3,3
1646.1,5,3,3
1647.1,3,3,3
1649.1,2,2,2
1650.1,1,3,3
1651.1,1,3,3
1652.1,2,3,3
1653.1,1,1,1
1654.1,2,3,3
1655.1,4,2,3
1656.1,5,3,5
1657.1,3,3,5
1658.1,3,3,4
1660.1,3,2,3
1661.1,7,2,4
1662.1,1,3,1
1663.1,8,3,3
1663.2,3,3,3
1664.1,3,3,3
1664.2,3,3,1
1664.3,1,3,3
1664.4,5,3,5
1665.1,3,3,5
1665.2,3,3,5
1666.1,4,3,4
1667.1,1,2,3
1668.1,4,2,2
1669.1,3,4,3
1670.1,2,3,2
1670.2,2,3,2
1670.3,3,3,2
1670.4,3,3,3
1670.5,1,3,1
1671.1,3,3,3
1672.1,1,3,2
1673.1,1,1,1
1674.1,1,2,1
1675.1,2,3,2
1676.1,1,3,2
1677.1,1,3,1
1678.1,3,3,3
1678.2,1,3,1
1679.1,2,9,9
1680.1,2,3,9
1681.1,3,3,3
1681.2,3,3,3
1681.3,2,2,2
1682.1,2,2,2
1683.1,5,3,3
1683.2,3,3,3
1684.1,2,2,3
1684.2,3,3,3
1684.3,3,4,3
1685.1,3,3,3
1685.2,2,2,2
1685.3,3,3,3
1686.1,2,3,3
1687.1,3,3,4
1688.1,1,3,3
1689.1,8,3,3
1690.1,1,8,8
1691.1,2,2,2
1692.1,1,7,1
1693.1,3,3,3
1693.2,8,2,2
1694.1,3,3,3
1695.1,3,3,3
1696.1,1,1,1
1697.1,4,4,4
1698.1,2,3,3
1699.1,2,2,1
1701.1,1,3,1
1702.1,5,3,5
1703.1,5,5,5
1704.1,1,1,1
1706.1,1,1,1
1707.1,4,3,3
1707.2,2,3,3
1708.1,2,2,2
1709.1,3,3,3
1709.2,8,3,2
1710.1,2,3,3
1711.1,2,3,5
1712.1,3,3,3
1713.1,3,3,3
1714.1,3,8,8
1715.1,3,3,8
1716.1,2,3,2
1717.1,2,2,2
1718.1,3,3,3
1718.2,2,3,3
1719.1,1,3,2
1720.1,3,3,3
1720.2,2,7,2
1721.1,1,1,1
1722.1,2,2,2
1723.1,2,2,2
1723.2,2,2,3
1723.3,1,3,1
1724.1,4,3,4
1724.2,3,3,4
1725.1,2,2,2
1726.1,5,3,3
1727.1,1,3,2
1728.1,8,3,3
1728.2,3,3,3
1728.3,8,3,3
1728.4,2,3,2
1729.1,2,2,2
1729.2,1,1,1
1730.1,2,3,8
1730.2,3,3,3
1731.1,3,3,3
1732.1,8,8,1
1733.1,8,8,8
1734.1,1,6,5
1735.1,4,3,3
1735.2,3,3,3
1736.1,8,8,8
1737.1,1,3,1
1737.2,3,3,3
1738.1,2,3,3
1739.1,3,8,3
1741.1,3,3,2
1742.1,2,2,2
1743.1,2,4,2
1744.1,3,3,3
1744.2,2,2,2
1744.3,3,3,3
1745.1,1,1,3
1746.1,5,5,5
1747.1,3,3,2
1748.1,4,4,4
1749.1,3,3,3
1750.1,7,3,5
1750.2,2,2,2
1751.1,5,3,6
1751.2,1,3,1
1752.1,1,1,1
1753.1,5,4,3
1753.2,3,3,3
1753.3,3,3,3
1753.4,3,3,7
1753.5,4,4,7
1754.1,1,1,1
1754.2,1,1,5
1755.1,3,3,3
1756.1,9,3,9
1756.2,9,3,3
1756.3,1,3,1
1757.1,2,3,2
1757.2,2,3,2
1758.1,1,3,1
1759.1,3,3,3
1760.1,5,5,5
1761.1,3,3,3
1761.2,5,5,5
1762.1,2,2,2
1763.1,1,2,1
1764.1,3,3,3
1764.2,3,3,5
1765.1,5,3,6
1765.2,2,3,3
1766.1,3,3,1
1767.1,5,3,3
1767.2,2,3,1
1768.1,2,2,2
1769.1,3,3,3
1771.1,3,3,3
1771.2,3,3,1
1771.3,3,3,5
1772.1,2,3,5
1773.1,2,3,3
1774.1,3,8,5
1774.2,9,9,9
1775.1,3,3,3
1775.2,3,3,3
1776.1,3,3,4
1776.2,1,3,3
1776.3,3,4,3
1778.1,3,3,3
1778.2,3,3,3
1778.3,1,3,1
1779.1,3,3,8
1780.1,1,2,1
1781.1,2,2,2
1782.1,3,1,8
1782.2,3,3,3
1783.1,3,3,3
1783.2,2,2,3
1783.3,3,2,2
1784.1,3,3,3
1785.1,5,3,5
1785.2,2,3,3
1786.1,4,4,4
1786.2,3,3,9
1787.1,3,3,3
1788.1,3,3,3
1788.2,3,3,3
1789.1,3,8,8
1790.1,2,3,3
1790.2,3,3,3
1791.1,3,3,3
1792.1,2,3,2
1793.1,3,3,3
1793.2,3,3,3
1794.1,1,2,3
1795.1,3,3,3
1795.2,2,2,2
1796.1,3,2,5
1797.1,5,2,5
1798.1,3,3,4
1798.2,3,4,4
1799.1,2,2,2
1799.2,2,2,2
1800.1,3,4,3
1800.2,7,4,4
1801.1,3,3,3
1801.2,3,3,3
1802.1,3,3,3
1802.2,1,3,1
1803.1,2,3,3
1803.2,5,5,5
1804.1,2,3,2
1805.1,3,3,3
1806.1,3,2,3
1806.2,3,3,3
1807.1,3,3,3
1807.2,3,3,3
1808.1,2,2,2
1809.1,2,2,2
1809.2,3,3,3
1810.1,3,4,4
1810.2,3,3,3
1810.3,3,3,3
1812.1,3,3,3
1812.2,3,3,3
1812.3,2,4,2
1812.4,3,3,3
1813.1,2,3,3
1814.1,3,3,5
1814.2,1,1,1
1815.1,3,3,3
1815.2,3,3,3
1815.3,7,7,7
1816.1,3,3,8
1817.1,2,2,2
1818.1,2,2,2
1819.1,2,2,1
1820.1,2,2,2
1821.1,1,3,1
1821.2,3,3,3
1822.1,2,3,2
1822.2,1,1,3
1823.1,3,3,3
1825.1,3,3,3
1826.1,8,8,8
1826.2,3,3,4
1826.3,3,3,3
1827.1,5,3,3
1827.2,5,3,5
1828.1,1,3,3
1828.2,2,2,2
1829.1,1,1,1
1830.1,2,2,2
1831.1,1,3,3
1833.1,7,7,7
1833.2,1,1,1
1834.1,1,3,1
1835.1,2,3,2
1835.2,3,3,2
1836.1,3,4,4
1836.2,2,4,4
1837.1,2,3,1
1837.2,1,1,1
1838.1,3,3,3
1838.2,3,3,3
1838.3,3,3,3
1839.1,2,2,2
1840.1,1,1,1
1841.1,2,4,2
1843.1,3,3,8
1844.1,3,3,8
1844.2,3,3,3
1844.3,3,3,3
1844.4,3,3,3
1844.5,3,3,3
1844.6,3,3,3
1844.7,3,3,3
1844.8,3,3,3
1844.9,3,3,3
1844.10,3,3,3
1845.1,3,3,5
1845.2,5,3,3
1846.1,3,3,8
1846.2,3,3,3
1847.1,7,3,7
1847.2,7,7,3
1847.3,2,2,2
1849.1,3,3,3
1851.1,3,3,3
1852.1,3,3,4
1852.2,3,3,3
1852.3,3,3,3
1853.1,5,3,3
1853.2,5,3,3
1854.1,5,3,8
1854.2,5,3,3
1855.1,1,1,1
1856.1,5,5,6
1856.2,2,4,2
1856.3,5,3,5
1857.1,2,4,4
1858.1,1,3,1
1859.1,3,3,3
1859.2,3,3,3
1859.3,3,3,8
1860.1,1,3,1
1861.1,2,3,8
1862.1,1,3,2
1862.2,2,2,2
1863.1,3,3,8
1863.2,8,3,8
1864.1,2,3,2
1864.2,3,3,3
1864.3,3,3,3
1864.4,1,3,1
1866.1,3,3,8
1867.1,3,3,3
1868.1,2,2,2
1869.1,2,2,3
1870.1,5,5,5
1870.2,5,5,5
1871.1,2,3,2
1871.2,3,3,3
1872.1,5,5,5
1873.1,2,3,1
1873.2,3,3,3
1874.1,3,3,3
1874.2,3,3,3
1874.3,3,3,8
1874.4,3,3,3
1874.5,3,3,3
1874.6,3,3,3
1875.1,3,3,3
1876.1,3,4,4
1877.1,3,3,3
1878.1,2,2,2
1879.1,3,3,6
1880.1,3,3,3
1880.2,3,3,3
1880.3,3,3,3
1880.4,3,3,3
1880.5,5,3,3
1881.1,1,1,1
1881.2,1,3,1
1882.1,3,3,3
1882.2,1,1,3
1883.1,2,2,2
1883.2,5,5,5
1884.1,5,3,3
1884.2,3,3,4
1885.1,2,3,5
1886.1,5,5,5
1887.1,7,7,7
1887.2,7,7,7
1888.1,5,5,6
1888.2,2,3,3
1889.1,3,3,3
1889.2,5,3,5
1889.3,2,3,5
1890.1,2,2,2
1890.2,2,2,3
1890.3,1,3,2
1891.1,3,3,3
1891.2,3,3,8
1892.1,5,5,5
1892.2,3,3,3
1892.3,3,3,3
1893.1,3,2,3
1893.2,2,2,2
1894.1,3,3,3
1894.2,2,2,2
1895.1,1,1,1
1896.1,3,3,3
1896.2,2,8,5
1897.1,3,3,3
1897.2,3,3,3
1897.3,3,8,8
1898.1,3,3,2
1899.1,5,3,5
1900.1,2,3,2
1901.1,3,3,3
1901.2,7,7,2
1901.3,7,7,2
1901.4,3,3,3
1901.5,4,4,4
1902.1,3,3,2
1903.1,9,9,9
1903.2,5,5,5
1904.1,2,2,2
1905.1,1,3,1
1906.1,8,8,8
1907.1,5,5,5
1908.1,3,3,3
1909.1,3,3,3
1909.2,3,3,3
1909.3,3,3,3
1909.4,1,3,1
1910.1,3,3,3
1910.2,1,1,7
1911.1,2,3,1
1912.1,5,3,5
1913.1,3,3,3
1913.2,5,3,3
1914.1,3,3,3
1916.1,3,3,3
1917.1,1,1,1
1918.1,5,6,5
1919.1,2,2,2
1920.1,3,3,3
1920.2,3,3,3
1920.3,3,3,3
1920.4,5,5,5
1920.5,3,3,3
1921.1,5,3,5
1921.2,6,7,6
1922.1,2,2,3
1923.1,2,3,3
1924.1,5,3,5
1924.2,3,3,3
1925.1,3,3,3
1925.2,1,8,1
1925.3,1,3,1
1926.1,2,2,2
1927.1,1,1,1
1928.1,1,1,1
1929.1,3,3,3
1929.2,1,3,2
1930.1,1,3,1
1931.1,5,3,5
1932.1,3,3,3
1932.2,3,3,3
1933.1,3,5,5
1934.1,2,4,4
1935.1,1,1,1
1936.1,3,3,3
1937.1,1,3,2
1938.1,1,1,1
1939.1,2,8,8
1940.1,2,3,8
1941.1,3,3,9
1941.2,2,2,2
1942.1,8,8,8
1942.2,3,3,3
1943.1,1,3,1
1944.1,1,1,2
1944.2,3,3,3
1945.1,3,3,3
1945.2,8,8,3
1946.1,1,3,8
1947.1,1,3,3
1948.1,3,3,2
1949.1,1,3,1
1950.1,5,5,5
1951.1,3,3,5
1952.1,3,4,4
1952.2,4,3,4
1953.1,2,3,2
1954.1,1,3,3
1955.1,3,3,3
1956.1,2,3,9
1957.1,3,3,3
1957.2,3,3,3
1958.1,3,3,3
1958.2,3,3,3
1959.1,3,3,3
1959.2,3,3,3
1959.3,3,2,9
1960.1,5,2,5
1961.1,2,2,2
1961.2,2,2,2
1961.3,3,3,3
1962.1,2,2,3
1963.1,2,3,2
1965.1,3,4,4
1965.2,3,2,4
1967.1,2,2,1
1967.2,1,3,1
1968.1,8,3,3
1968.2,1,8,8
1969.1,3,3,3
1969.2,3,3,3
1970.1,5,3,3
1971.1,5,5,5
1972.1,3,3,5
1972.2,3,3,3
1972.3,1,3,5
1973.1,5,3,5
1973.2,1,3,1
1974.1,3,3,3
1974.2,1,3,3
1975.1,5,3,3
1975.2,5,5,5
1975.3,3,3,3
1975.4,5,3,3
1976.1,3,3,3
1976.2,1,3,1
1976.3,5,3,3
1977.1,1,3,8
1978.1,5,5,1
1978.2,2,3,2
1979.1,1,3,3
1979.2,1,3,1
1980.1,5,3,3
1980.2,5,3,3
1980.3,2,5,5
1981.1,3,3,9
1981.2,1,2,2
1982.1,3,3,3
1983.1,3,3,3
1984.1,8,3,3
1984.2,2,2,2
1985.1,1,8,1
1985.2,5,5,5
1986.1,2,2,9
1987.1,3,3,3
1987.2,3,3,3
1987.3,3,3,3
1987.4,1,1,2
1987.5,2,2,3
1988.1,4,3,4
1988.2,5,3,1
1988.3,3,3,4
1989.1,1,3,8
1990.1,3,5,5
1991.1,3,3,3
1991.2,2,2,3
1992.1,3,3,3
1992.2,3,3,3
1993.1,1,2,1
1993.2,3,3,3
1994.1,3,3,3
1994.2,4,3,4
1994.3,2,4,4
1995.1,2,2,2
1996.1,1,1,1
1997.1,8,8,8
1998.1,2,2,3
1999.1,5,4,5
2000.1,2,3,3
2001.1,5,5,5
2002.1,1,3,1
2003.1,8,8,8
2004.1,1,1,1
2004.2,2,3,2
2005.1,2,2,2
2006.1,1,3,1
2007.1,5,5,5
2009.1,3,3,3
2009.2,2,2,2
2009.3,3,3,3
2010.1,3,3,8
2010.2,3,2,8
2011.1,3,3,4
2011.2,2,3,2
2012.1,3,2,2
2014.1,3,3,3
2015.1,3,3,3
2015.2,5,5,5
2016.1,3,3,3
2016.2,3,3,3
2016.3,4,3,3
2016.4,1,3,1
2017.1,3,3,3
2017.2,1,3,1
2018.1,3,3,3
2018.2,2,3,3
2019.1,1,1,1
2020.1,1,3,1
2020.2,4,3,3
2021.1,3,3,3
2022.1,1,3,1
2022.2,1,1,1
2023.1,1,1,1
2023.2,1,3,1
2024.1,3,7,6
2024.2,1,3,6
2025.1,3,3,3
2025.2,3,3,3
2025.3,2,2,2
2026.1,1,1,1
2027.1,2,2,2
2028.1,6,3,6
2028.2,5,6,6
2028.3,2,2,2
2029.1,1,3,1
2029.2,1,3,1
2030.1,3,3,3
2030.2,3,3,3
2031.1,2,3,3
2031.2,3,3,3
2031.3,1,1,1
2031.4,5,7,1
2032.1,2,3,3
2032.2,2,3,2
2033.1,8,3,3
2034.1,3,3,3
2035.1,2,3,3
2035.2,3,3,6
2036.1,2,2,2
2036.2,2,2,2
2037.1,2,3,2
2038.1,2,2,2
2038.2,3,4,3
2039.1,5,5,5
2041.1,3,3,3
2042.1,2,2,2
2042.2,8,8,8
2043.1,3,3,3
2044.1,3,3,7
2045.1,1,1,7
2045.2,3,7,2
2045.3,5,6,7
2045.4,5,6,7
2045.5,5,6,7
2045.6,5,6,7
2045.7,5,6,7
2046.1,3,3,3
2046.2,2,3,3
2047.1,1,1,1
2047.2,3,3,2
2048.1,1,5,7
2049.1,3,3,3
2049.2,3,5,3
2049.3,2,3,3
2050.1,1,3,1
2051.1,3,3,3
2051.2,3,3,3
2052.1,1,3,1
2053.1,3,3,5
2053.2,3,3,3
2054.1,1,3,3
2055.1,2,2,2
2056.1,3,8,3
2056.2,3,8,2
2057.1,3,4,3
2057.2,2,3,2
2058.1,1,2,1
2059.1,2,2,2
2060.1,2,3,4
2061.1,8,3,3
2061.2,2,3,3
2062.1,1,1,1
2062.2,5,5,5
2063.1,4,4,5
2063.2,7,7,4
2064.1,4,4,4
2065.1,7,3,2
2066.1,3,3,5
2066.2,5,3,5
2066.3,2,3,2
2067.1,1,3,3
2068.1,5,5,3
2068.2,5,5,3
2069.1,1,8,1
2070.1,6,5,5
2071.1,2,2,2
2072.1,3,3,3
2072.2,3,3,3
2072.3,1,1,1
2072.4,1,1,1
2073.1,3,2,2
2074.1,3,3,3
2074.2,1,3,1
2074.3,3,3,3
2075.1,3,3,4
2075.2,3,3,4
2075.3,4,3,4
2076.1,2,3,2
2076.2,8,8,8
2077.1,5,5,6
2077.2,3,3,3
2077.3,3,3,3
2077.4,1,1,1
2077.5,3,3,3
2078.1,1,1,1
2080.1,4,4,4
2081.1,3,3,3
2081.2,2,2,2
2082.1,3,3,3
2082.2,3,3,3
2082.3,3,3,3
2082.4,3,3,3
2082.5,3,3,3
2083.1,7,3,7
2084.1,1,2,3
2084.2,1,3,1
2085.1,2,3,2
2086.1,3,3,3
2086.2,2,3,5
2086.3,3,3,3
2087.1,1,3,3
2088.1,2,3,3
2088.2,3,3,3
2089.1,3,3,1
2090.1,3,3,3
2091.1,3,3,3
2092.1,3,3,1
2093.1,4,4,4
2093.2,3,3,3
2094.1,1,3,1
2095.1,1,4,1
2096.1,4,3,4
2097.1,1,3,3
2098.1,3,3,3
2098.2,8,8,8
2099.1,3,3,3
2099.2,3,3,7
2100.1,1,3,1
2101.1,3,3,3
2101.2,3,3,3
2102.1,5,3,3
2103.1,2,2,2
2103.2,3,3,2
2104.1,3,3,3
2104.2,3,3,2
2106.1,2,2,2
2107.1,9,9,3
2107.2,3,3,4
2107.3,8,2,8
2108.1,1,3,2
2109.1,1,2,1
2110.1,2,3,3
2111.1,5,3,5
2112.1,1,3,1
2112.2,3,3,1
2113.1,3,3,3
2113.2,2,2,2
2114.1,2,3,1
2114.2,2,2,2
2115.1,3,4,4
2116.1,5,5,5
2116.2,2,3,1
2117.1,3,3,3
2117.2,8,8,2
2118.1,8,2,2
2119.1,3,3,5
2119.2,2,3,2
2120.1,2,3,2
2121.1,1,3,1
2122.1,2,3,7
2123.1,9,3,7
2123.2,2,2,2
2123.3,9,3,3
2123.4,3,3,5
2124.1,3,3,3
2124.2,2,2,2
2124.3,2,3,2
2125.1,3,3,3
2126.1,2,2,2
2127.1,3,3,3
2127.2,2,2,2
2127.3,3,3,3
2128.1,3,3,3
2128.2,2,2,2
2129.1,4,4,3
2129.2,4,4,3
2129.3,3,4,3
2130.1,3,3,3
2131.1,5,4,5
2131.2,1,3,5
2132.1,3,3,3
2132.2,3,3,8
2133.1,3,3,9
2133.2,1,3,1
2133.3,2,2,2
2133.4,4,4,4
2134.1,2,3,3
2134.2,2,2,2
2135.1,2,2,1
2136.1,1,3,1
2137.1,3,3,3
2137.2,3,3,3
2137.3,3,3,3
2137.4,3,3,3
2137.5,2,3,3
2138.1,1,3,1
2139.1,2,3,7
2140.1,3,3,3
2140.2,4,4,4
2140.3,2,3,3
2141.1,3,3,1
2142.1,3,3,3
2142.2,3,3,3
2143.1,3,8,4
2143.2,1,3,1
2144.1,3,3,4
2145.1,3,3,3
2146.1,2,3,3
2146.2,2,2,2
2147.1,2,3,4
2148.1,5,3,3
2149.1,3,3,3
2149.2,3,3,3
2149.3,3,3,3
2150.1,7,7,7
2150.2,3,3,3
2150.3,1,7,7
2151.1,3,3,3
2151.2,1,1,1
2151.3,3,3,3
2151.4,3,3,3
2151.5,3,3,3
2151.6,3,3,3
2151.7,3,3,3
2152.1,2,6,5
2152.2,1,1,1
2153.1,1,3,3
2154.1,3,3,3
2155.1,7,7,7
2156.1,2,3,2
2156.2,1,3,2
2157.1,3,3,3
2157.2,1,3,1
2158.1,3,3,5
2158.2,3,3,5
2158.3,1,1,1
2158.4,3,3,3
2158.5,3,3,3
2158.6,3,3,5
2158.7,1,1,1
2158.8,3,3,1
2158.9,3,3,1
2158.10,1,1,1
2159.1,5,3,5
2159.2,3,3,7
2159.3,3,3,3
2160.1,2,2,2
2161.1,3,3,3
2161.2,5,4,4
2162.1,3,3,8
2163.1,3,3,3
2164.1,1,3,1
2164.2,1,3,1
2165.1,2,3,2
2166.1,1,3,3
2167.1,1,3,3
2168.1,1,3,2
2169.1,3,3,3
2170.1,3,3,8
2170.2,8,3,8
2171.1,2,3,2
2172.1,3,3,3
2172.2,1,1,1
2173.1,2,3,2
2174.1,5,4,5
2175.1,5,3,5
2175.2,1,3,1
2176.1,3,3,8
2177.1,3,3,3
2178.1,3,3,3
2178.2,2,2,3
2179.1,3,3,3
2179.2,2,3,8
2180.1,3,3,3
2180.2,1,3,3
2181.1,3,3,3
2181.2,3,3,3
2181.3,3,3,3
2181.4,8,3,8
2182.1,2,3,5
2183.1,3,3,3
2184.1,3,3,3
2184.2,5,5,5
2184.3,5,5,5
2185.1,1,3,3
2186.1,2,3,2
2187.1,5,3,3
2187.2,5,3,3
2188.1,1,3,2
2189.1,1,1,1
2190.1,3,8,1
2190.2,1,3,3
2191.1,1,6,5
2192.1,4,4,4
2193.1,2,2,2
2193.2,3,2,2
2194.1,2,2,3
2194.2,3,3,3
2195.1,4,4,4
2195.2,1,3,1
2195.3,4,3,6
2195.4,1,3,5
2196.1,3,3,3
2196.2,3,3,5
2197.1,5,3,5
2197.2,8,8,8
2198.1,8,3,3
2199.1,3,3,4
2199.2,3,3,7
2199.3,3,3,3
2199.4,2,3,7
2201.1,3,3,3
2201.2,3,3,3
2202.1,5,5,5
2202.2,5,3,5
2202.3,5,5,5
2203.1,1,1,1
2204.1,5,3,3
2204.2,2,2,1
2205.1,8,3,2
2205.2,3,3,3
2205.3,3,1,1
2206.1,1,6,1
2208.1,1,3,3
2208.2,2,3,5
2209.1,3,3,7
2209.2,2,3,2
2210.1,2,3,2
2211.1,3,3,2
2211.2,3,3,3
2212.1,6,3,6
2214.1,5,1,1
2214.2,1,1,1
2215.1,1,1,1
2216.1,2,3,3
2216.2,3,3,3
2217.1,9,9,3
2217.2,2,2,3
2218.1,3,9,9
2218.2,3,9,3
2218.3,9,9,9
2218.4,3,3,3
2218.5,3,3,9
2218.6,3,3,3
2219.1,3,3,3
2219.2,1,1,1
2220.1,5,3,5
2221.1,1,3,3
2222.1,3,3,3
2224.1,4,3,4
2225.1,2,2,2
2226.1,2,2,8
2227.1,2,3,2
2228.1,3,3,3
2228.2,2,3,3
2228.3,9,9,3
2229.1,3,3,6
2229.2,3,3,3
2229.3,3,3,3
2230.1,2,2,3
2230.2,2,3,1
2231.1,5,3,5
2231.2,5,3,3
2231.3,5,3,3
2231.4,5,5,5
2231.5,2,3,2
2232.1,5,3,3
2232.2,2,3,3
2233.1,2,3,2
2233.2,1,1,1
2234.1,2,3,2
2234.2,3,3,3
2237.1,2,3,2
2237.2,2,2,2
2238.1,2,3,2
2239.1,5,3,5
2239.2,5,3,5
2239.3,5,5,5
2239.4,1,3,1
2240.1,1,2,1
2240.2,3,3,3
2240.3,3,3,3
2240.4,3,3,3
2241.1,3,3,3
2241.2,3,3,3
2241.3,1,1,1
2242.1,2,2,2
2242.2,2,2,2
2243.1,1,3,5
2243.2,3,4,2
2243.3,5,3,6
2244.1,1,3,1
2244.2,1,3,3
2245.1,2,2,2
2246.1,2,2,2
2247.1,2,2,2
2248.1,5,5,6
2249.1,2,3,2
2250.1,1,3,1
2250.2,1,1,1
2251.1,3,2,4
2251.2,2,2,4
2252.1,2,2,2
2252.2,3,3,3
2253.1,3,3,5
2253.2,1,1,1
2253.3,5,5,3
2254.1,5,3,8
2254.2,2,8,8
2254.3,3,3,8
2255.1,1,3,1
2256.1,2,2,2
2257.1,4,3,3
2257.2,3,3,3
2258.1,4,4,4
2259.1,3,3,3
2259.2,8,8,8
2260.1,3,3,3
2261.1,3,3,3
2263.1,3,3,3
2263.2,3,3,3
2263.3,1,3,1
2264.1,3,3,3
2265.1,2,3,2
2266.1,1,1,1
2267.1,1,1,1
2267.2,1,1,1
2268.1,3,3,3
2268.2,2,3,2
2269.1,1,3,1
2270.1,3,3,3
2270.2,2,3,3
2271.1,5,3,5
2272.1,3,3,8
2273.1,8,8,8
2274.1,2,2,3
2274.2,2,2,2
2275.1,3,3,3
2276.1,1,1,1
2277.1,5,5,5
2278.1,8,3,3
2278.2,1,1,1
2279.1,2,2,2
2279.2,1,1,1
2279.3,1,1,1
2280.1,2,2,2
2280.2,3,3,3
2281.1,3,3,5
2281.2,3,4,4
2281.3,3,3,3
2282.1,3,3,3
2282.2,3,3,3
2282.3,3,3,3
2283.1,3,3,3
2283.2,3,3,3
2283.3,3,3,3
2284.1,2,2,2
2285.1,1,3,1
2286.1,3,3,3
2286.2,3,4,3
2286.3,3,3,3
2287.1,5,5,5
2287.2,5,5,5
2287.3,2,3,2
2288.1,3,3,4
2288.2,2,2,2
2289.1,1,3,1
2290.1,3,3,6
2290.2,3,3,6
2290.3,3,3,6
2290.4,2,2,2
2291.1,8,3,8
2291.2,4,4,4
2292.1,2,2,2
2293.1,2,8,5
2294.1,3,3,3
2294.2,2,3,2
2295.1,1,1,1
2296.1,1,1,3
2296.2,1,3,3
2297.1,2,2,3
2297.2,1,1,1
2298.1,5,5,5
2299.1,2,2,2
2299.2,2,2,2
2301.1,3,3,3
2301.2,2,2,2
2302.1,3,2,3
2302.2,2,2,2
2302.3,2,2,2
2303.1,3,3,8
2304.1,2,2,2
2304.2,2,2,2
2304.3,2,2,2
2305.1,1,3,1
2306.1,1,3,1
2307.1,2,3,3
2308.1,2,3,3
2309.1,5,5,5
2309.2,5,3,5
2310.1,9,9,9
2310.2,3,3,9
2310.3,3,3,3
2311.1,3,3,3
2311.2,3,3,3
2311.3,2,2,2
2312.1,2,2,2
2313.1,3,3,3
2313.2,3,3,3
2313.3,3,3,3
2314.1,3,3,3
2314.2,2,2,2
2315.1,2,2,2
2316.1,1,3,1
2317.1,2,2,2
2318.1,2,4,5
2318.2,3,3,3
2319.1,5,5,5
2320.1,7,7,7
2321.1,2,2,2
2321.2,1,1,1
2322.1,5,3,6
2322.2,3,3,3
2322.3,3,3,3
2323.1,3,3,3
2323.2,8,3,3
2324.1,8,3,8
2325.1,2,3,2
2326.1,2,2,2
2326.2,2,2,2
2327.1,1,3,1
2328.1,2,2,2
2329.1,2,2,2
2330.1,2,4,2
2330.2,4,3,3
2331.1,3,4,2
2332.1,8,8,8
2332.2,1,1,1
2333.1,1,1,1
2334.1,3,3,3
2334.2,3,3,3
2334.3,2,3,3
2335.1,3,3,8
2335.2,2,3,2
2336.1,1,3,1
2338.1,1,3,4
2339.1,3,3,3
2339.2,3,3,3
2340.1,3,3,8
2341.1,7,4,4
2342.1,2,3,1
2343.1,3,3,8
2344.1,2,2,2
2344.2,2,3,3
2345.1,3,4,9
2345.2,2,3,1
2346.1,4,3,4
2347.1,3,8,8
2348.1,3,2,2
2349.1,5,3,6
2349.2,3,3,3
2349.3,1,1,1
2349.4,3,3,8
2350.1,4,4,3
2351.1,4,3,3
2351.2,2,8,8
2352.1,3,3,3
2352.2,3,3,4
2352.3,3,3,3
2353.1,3,3,3
2354.1,2,2,2
2355.1,2,2,2
2356.1,4,4,4
2356.2,2,2,2
2357.1,4,3,4
2358.1,2,2,2
2359.1,3,3,3
2359.2,1,1,1
2360.1,2,2,2
2361.1,3,3,3
2362.1,4,4,3
2362.2,5,4,3
2363.1,2,3,7
2364.1,1,3,1
2365.1,1,3,8
2366.1,2,2,2
2367.1,3,3,3
2368.1,3,3,2
2368.2,2,2,2
2369.1,3,3,3
2369.2,2,3,2
2370.1,1,3,1
2371.1,3,3,1
2371.2,3,3,3
2372.1,2,3,2
2373.1,5,5,5
2373.2,2,3,2
2374.1,3,3,3
2374.2,2,2,2
2375.1,2,3,3
2375.2,1,1,1
2376.1,3,4,4
2376.2,3,3,4
2376.3,3,3,3
2377.1,3,3,3
2378.1,2,3,2
2379.1,3,3,3
2379.2,3,3,3
2379.3,2,3,2
2380.1,4,3,4
2381.1,3,3,3
2381.2,2,2,3
2382.1,2,2,2
2383.1,3,3,3
2383.2,1,3,2
2384.1,2,3,3
2385.1,3,3,4
2385.2,4,3,4
2385.3,3,3,4
2386.1,2,7,3
2387.1,3,3,3
2387.2,3,3,3
2388.1,9,9,9
2388.2,2,2,2
2388.3,9,3,9
2389.1,3,3,3
2389.2,5,3,3
2389.3,3,8,5
2389.4,3,3,5
2390.1,3,3,3
2391.1,3,8,5
2392.1,4,3,2
2392.2,3,3,3
2393.1,3,3,3
2393.2,1,3,1
2394.1,8,8,5
2394.2,5,3,3
2395.1,2,2,3
2396.1,5,2,2
2397.1,2,3,3
2398.1,2,3,3
2398.2,3,3,3
2398.3,3,3,3
2399.1,3,3,9
2399.2,2,3,3
2400.1,3,2,2
2401.1,3,3,3
2401.2,5,6,5
2401.3,5,3,6
2401.4,3,3,3
2402.1,3,3,3
2402.2,3,4,3
2402.3,3,4,3
2402.4,2,2,2
2403.1,5,3,5
2404.1,2,2,2
2405.1,3,3,3
2405.2,8,8,3
2406.1,5,6,5
2406.2,5,2,3
2407.1,2,2,2
2408.1,7,7,7
2408.2,2,3,1
2408.3,3,3,3
2409.1,2,2,2
2409.2,3,3,2
2410.1,3,3,3
2410.2,5,5,3
2411.1,8,8,3
2411.2,3,2,1
2412.1,1,3,1
2413.1,3,3,3
2413.2,2,2,3
2413.3,2,2,2
2414.1,1,3,1
2415.1,3,3,3
2415.2,3,3,3
2415.3,3,3,3
2415.4,3,3,3
2415.5,5,5,5
2416.1,2,2,2
2417.1,2,2,2
2418.1,3,3,3
2418.2,3,4,3
2418.3,3,4,4
2419.1,2,2,2
2420.1,3,8,8
2421.1,1,1,1
2422.1,7,7,1
2422.2,2,2,2
2423.1,2,2,2
2423.2,7,7,7
2424.1,2,2,2
2425.1,3,3,3
2426.1,3,3,8
2426.2,8,3,8
2426.3,3,8,5
2427.1,4,4,5
2428.1,2,2,1
2428.2,1,2,1
2429.1,2,2,2
2430.1,3,4,3
2430.2,1,7,1
2431.1,1,3,1
2432.1,1,1,1
2433.1,2,2,2
2433.2,2,2,2
2434.1,1,3,1
2435.1,2,2,2
2436.1,2,3,2
2437.1,3,3,3
2437.2,3,3,3
2438.1,2,2,2
2439.1,5,3,3
2439.2,3,4,3
2439.3,2,2,2
2440.1,3,3,3
2440.2,1,3,2
2441.1,2,2,2
2441.2,2,2,2
2442.1,1,3,1
2442.2,4,3,3
2443.1,2,3,3
2443.2,2,2,2
2444.1,1,1,1
2445.1,3,3,3
2445.2,3,3,3
2445.3,2,3,2
2446.1,5,5,2
2447.1,3,3,3
2447.2,3,3,3
2448.1,1,2,2
2448.2,4,4,4
2449.1,3,3,2
2449.2,3,8,5
2451.1,5,5,6
2451.2,5,2,2
2452.1,3,3,3
2452.2,1,1,3
2453.1,8,3,3
2453.2,3,3,8
2454.1,3,3,3
2454.2,3,3,3
2454.3,3,3,3
2455.1,2,2,2
2456.1,3,3,3
2456.2,3,3,3
2456.3,5,6,3
2457.1,8,3,8
2457.2,1,3,1
2458.1,3,3,3
2458.2,9,3,9
2459.1,3,3,3
2459.2,3,3,5
2460.1,3,3,3
2460.2,1,3,3
2461.1,3,3,3
2461.2,3,3,3
2461.3,3,3,3
2462.1,3,3,3
2463.1,3,3,3
2463.2,3,3,3
2463.3,2,3,3
2464.1,3,3,8
2465.1,3,3,3
2465.2,3,3,3
2465.3,3,3,3
2466.1,3,3,3
2466.2,7,3,3
2467.1,3,3,3
2467.2,3,3,3
2468.1,1,3,1
2469.1,2,2,2
2469.2,3,3,3
2469.3,3,3,3
2470.1,2,2,2
2470.2,2,2,2
2471.1,3,3,5
2471.2,2,2,2
2472.1,3,3,1
2472.2,3,3,1
2472.3,1,1,1
2472.4,2,2,2
2472.5,3,3,3
2473.1,3,3,3
2474.1,1,1,1
2475.1,5,3,5
2475.2,2,2,3
2476.1,5,3,3
2476.2,3,3,3
2476.3,3,3,3
2477.1,3,3,3
2477.2,3,3,3
2477.3,3,3,3
2478.1,3,3,3
2479.1,3,3,3
2479.2,5,3,1
2480.1,1,3,1
2481.1,2,2,2
2482.1,3,8,5
2482.2,3,3,3
2482.3,2,2,2
2483.1,1,3,3
2484.1,2,2,2
2485.1,3,6,5
2485.2,3,6,5
2486.1,3,3,3
2486.2,4,4,3
2486.3,4,3,4
2487.1,1,1,1
2488.1,2,3,2
2488.2,3,3,3
2488.3,3,3,3
2488.4,1,1,1
2489.1,3,3,4
2490.1,2,2,2
2491.1,2,3,2
2491.2,1,3,1
2494.1,2,2,2
2495.1,9,9,9
2495.2,9,9,9
2495.3,9,9,9
2495.4,9,9,9
2495.5,1,3,1
2496.1,1,3,1
2497.1,3,8,2
2498.1,7,7,2
2499.1,3,3,3
2499.2,2,2,3
2500.1,1,1,1
